node_id,at,temperature,humidity,light,motion,lowbat,vcc
2,1397639997,19.8,53,92,0,0,
3,1397639997,18.0,59,92,,0,
4,1397639997,19.9,49,92,,0,
27,1397639997,20.3,,100,,,3094
28,1397639997,20.2,48,,,,3164
29,1397639997,16.1,,,,,3060
2,1397640297,19.8,53,92,1,0,
3,1397640297,17.9,59,92,,0,
4,1397640298,19.8,49,92,,0,
27,1397640298,20.3,,100,,,3094
28,1397640298,20.2,48,,,,3164
29,1397640299,16.1,,,,,3060
2,1397640597,19.8,53,92,0,0,
3,1397640597,18.0,59,92,,0,
4,1397640597,19.8,49,92,,0,
27,1397640597,20.3,,100,,,3094
28,1397640597,20.2,48,,,,3164
29,1397640597,16.1,,,,,3060
2,1397640897,19.8,53,93,0,0,
3,1397640897,18.0,59,92,,0,
4,1397640898,19.8,49,92,,0,
27,1397640898,20.4,,100,,,3094
28,1397640898,20.1,48,,,,3164
29,1397640898,16.1,,,,,3060
2,1397641197,19.9,53,93,0,0,
3,1397641197,18.0,59,92,,0,
4,1397641198,19.8,49,92,,0,
27,1397641198,20.6,,100,,,3094
28,1397641198,20.1,49,,,,3164
29,1397641198,16.1,,,,,3060
2,1397641497,19.9,53,93,0,0,
3,1397641497,18.0,59,92,,0,
4,1397641497,19.7,50,92,,0,
27,1397641497,20.8,,100,,,3094
28,1397641497,20.0,49,,,,3164
29,1397641497,16.1,,,,,3060
2,1397641797,19.9,53,94,0,0,
3,1397641797,18.0,59,92,,0,
4,1397641798,19.7,50,92,,0,
27,1397641798,20.9,,100,,,3094
28,1397641798,20.0,49,,,,3164
29,1397641798,16.1,,,,,3060
2,1397642097,19.9,53,94,0,0,
3,1397642097,18.0,59,92,,0,
4,1397642098,19.7,50,92,,0,
27,1397642098,21.1,,100,,,3094
28,1397642099,20.0,49,,,,3164
29,1397642099,16.1,,,,,3060
2,1397642397,19.9,53,94,0,0,
3,1397642397,18.0,59,92,,0,
4,1397642397,19.6,51,92,,0,
27,1397642397,21.2,,100,,,3094
28,1397642398,19.9,49,,,,3164
29,1397642398,16.1,,,,,3060
2,1397642697,19.9,53,94,0,0,
3,1397642697,18.0,58,92,,0,
4,1397642697,19.6,51,91,,0,
27,1397642697,21.3,,100,,,3094
28,1397642697,19.8,49,,,,3164
29,1397642697,16.1,,,,,3060
2,1397642997,20.0,53,94,1,0,
3,1397642997,18.0,58,92,,0,
4,1397642999,19.6,52,92,,0,
27,1397643000,21.1,,100,,,3094
28,1397643001,19.8,49,,,,3164
29,1397643001,16.2,,,,,3060
2,1397643297,20.1,53,94,0,0,
3,1397643297,18.0,58,92,,0,
4,1397643297,19.6,52,91,,0,
27,1397643297,21.2,,100,,,3094
28,1397643297,19.7,49,,,,3164
29,1397643297,16.2,,,,,3060
2,1397643597,20.2,54,94,0,0,
3,1397643597,18.1,59,92,,0,
4,1397643597,19.5,53,91,,0,
27,1397643597,21.1,,100,,,3094
28,1397643597,19.7,49,,,,3164
29,1397643597,16.2,,,,,3060
2,1397643897,20.2,54,94,1,0,
3,1397643897,18.0,58,92,,0,
4,1397643898,19.5,54,91,,0,
27,1397643898,21.2,,100,,,3094
28,1397643898,19.6,49,,,,3164
29,1397643899,16.2,,,,,3060
2,1397644197,20.2,53,94,0,0,
3,1397644197,18.1,59,92,,0,
4,1397644197,19.6,54,91,,0,
27,1397644197,21.3,,100,,,3094
28,1397644197,19.6,49,,,,3164
29,1397644197,16.2,,,,,3060
2,1397644497,20.3,53,94,1,0,
3,1397644497,18.1,59,92,,0,
4,1397644497,19.5,54,91,,0,
27,1397644497,21.3,,100,,,3094
28,1397644497,19.5,49,,,,3164
29,1397644497,16.3,,,,,3060
2,1397644797,20.4,54,94,0,0,
3,1397644797,18.1,59,92,,0,
4,1397644797,19.5,54,91,,0,
27,1397644797,21.3,,100,,,3094
28,1397644797,19.5,49,,,,3164
29,1397644797,16.3,,,,,3060
2,1397645097,20.4,54,95,0,0,
3,1397645097,18.1,59,92,,0,
4,1397645097,19.5,55,91,,0,
27,1397645097,21.4,,100,,,3094
28,1397645097,19.5,49,,,,3164
29,1397645097,16.3,,,,,3060
2,1397645397,20.5,53,95,0,0,
3,1397645397,18.1,58,92,,0,
4,1397645397,19.5,54,91,,0,
27,1397645397,21.4,,100,,,3094
28,1397645397,19.4,50,,,,3164
29,1397645397,16.3,,,,,3060
2,1397645697,20.5,53,95,0,0,
3,1397645697,18.1,58,92,,0,
4,1397645697,19.5,53,91,,0,
27,1397645698,21.5,,100,,,3094
28,1397645698,19.4,50,,,,3164
29,1397645698,16.4,,,,,3060
2,1397645997,20.4,53,95,0,0,
3,1397645997,18.1,58,92,,0,
4,1397645998,19.4,52,91,,0,
27,1397645998,21.5,,100,,,3094
28,1397645998,19.4,49,,,,3164
29,1397645998,16.4,,,,,3060
2,1397646297,20.4,53,95,0,0,
3,1397646297,18.0,58,92,,0,
4,1397646297,19.5,51,91,,0,
27,1397646298,21.5,,100,,,3094
28,1397646298,19.3,48,,,,3164
29,1397646298,16.4,,,,,3060
2,1397646597,20.5,53,95,1,0,
3,1397646597,18.0,58,92,,0,
4,1397646597,19.4,50,91,,0,
27,1397646597,21.6,,100,,,3094
28,1397646597,19.3,47,,,,3164
29,1397646597,16.5,,,,,3060
2,1397646897,20.5,53,95,1,0,
3,1397646897,18.0,58,92,,0,
4,1397646898,19.4,51,91,,0,
27,1397646898,21.6,,100,,,3094
28,1397646898,19.3,46,,,,3164
29,1397646898,16.5,,,,,3060
2,1397647197,20.6,53,95,1,0,
3,1397647197,18.0,58,92,,0,
4,1397647198,19.4,51,91,,0,
27,1397647198,21.7,,100,,,3094
28,1397647198,19.2,46,,,,3164
29,1397647199,16.5,,,,,3060
2,1397647497,20.7,53,95,0,0,
3,1397647497,17.9,58,92,,0,
4,1397647497,19.4,52,91,,0,
27,1397647497,22.2,,100,,,3094
28,1397647497,19.2,47,,,,3164
29,1397647497,16.5,,,,,3060
2,1397647797,20.8,53,95,1,0,
3,1397647797,17.9,58,92,,0,
4,1397647797,19.3,53,91,,0,
27,1397647797,22.5,,100,,,3094
28,1397647797,19.2,48,,,,3164
29,1397647797,16.6,,,,,3060
2,1397648097,20.8,53,96,1,0,
3,1397648097,17.9,58,92,,0,
4,1397648097,19.3,54,91,,0,
27,1397648097,22.6,,100,,,3094
28,1397648097,19.2,49,,,,3164
29,1397648097,16.6,,,,,3060
2,1397648397,20.8,53,96,0,0,
3,1397648397,17.8,58,92,,0,
4,1397648398,19.4,54,91,,0,
27,1397648398,22.8,,100,,,3094
28,1397648398,19.1,49,,,,3164
29,1397648398,16.6,,,,,3060
2,1397648697,20.9,53,96,0,0,
3,1397648697,17.8,58,92,,0,
4,1397648697,19.4,54,91,,0,
27,1397648697,22.9,,100,,,3094
28,1397648697,19.1,50,,,,3164
29,1397648697,16.7,,,,,3060
2,1397648997,21.0,53,96,0,0,
3,1397648997,17.8,58,92,,0,
4,1397648998,19.4,54,91,,0,
27,1397648998,23.0,,100,,,3094
28,1397648998,19.1,50,,,,3164
29,1397648998,16.8,,,,,3060
2,1397649297,21.0,53,96,1,0,
3,1397649297,17.8,58,92,,0,
4,1397649299,19.4,54,91,,0,
27,1397649299,23.2,,100,,,3094
28,1397649299,19.1,50,,,,3164
29,1397649299,16.8,,,,,3060
2,1397649597,21.1,53,96,0,0,
3,1397649597,17.7,58,92,,0,
4,1397649597,19.4,55,91,,0,
27,1397649597,23.3,,100,,,3094
28,1397649597,19.1,50,,,,3164
29,1397649597,16.9,,,,,3060
2,1397649897,21.2,53,96,0,0,
3,1397649897,17.7,58,92,,0,
4,1397649897,19.4,55,91,,0,
27,1397649897,23.5,,100,,,3094
28,1397649898,19.1,50,,,,3164
29,1397649898,16.9,,,,,3060
2,1397650197,21.2,53,96,0,0,
3,1397650197,17.7,58,92,,0,
4,1397650198,19.4,55,91,,0,
27,1397650198,23.8,,100,,,3094
28,1397650198,19.1,50,,,,3164
29,1397650198,17.0,,,,,3060
2,1397650497,21.3,53,96,0,0,
3,1397650497,17.7,58,92,,0,
4,1397650497,19.4,55,91,,0,
27,1397650497,23.7,,100,,,3094
28,1397650497,19.1,50,,,,3164
29,1397650497,17.0,,,,,3060
2,1397650797,21.3,53,96,1,0,
3,1397650797,17.6,58,92,,0,
4,1397650799,19.4,55,91,,0,
27,1397650799,23.7,,100,,,3094
28,1397650800,19.1,51,,,,3164
29,1397650800,17.0,,,,,3060
2,1397651097,21.4,53,96,0,0,
3,1397651097,17.6,58,92,,0,
4,1397651097,19.4,55,91,,0,
27,1397651097,23.6,,100,,,3094
28,1397651097,19.1,51,,,,3164
29,1397651097,17.1,,,,,3060
2,1397651397,21.5,53,96,0,0,
3,1397651397,17.6,58,92,,0,
4,1397651397,19.4,55,91,,0,
27,1397651397,23.7,,100,,,3094
28,1397651397,19.1,51,,,,3164
29,1397651397,17.1,,,,,3060
2,1397651697,21.5,53,96,1,0,
3,1397651697,17.6,58,92,,0,
4,1397651698,19.4,55,91,,0,
27,1397651698,23.7,,100,,,3094
28,1397651698,19.1,51,,,,3164
29,1397651698,17.1,,,,,3060
2,1397651997,21.5,53,96,0,0,
3,1397651997,17.6,58,92,,0,
4,1397651998,19.5,54,91,,0,
27,1397651998,23.7,,100,,,3094
28,1397651998,19.1,51,,,,3164
29,1397651998,17.2,,,,,3060
2,1397652297,21.5,52,96,0,0,
3,1397652297,17.6,58,92,,0,
4,1397652298,19.4,51,91,,0,
27,1397652298,23.8,,100,,,3094
28,1397652298,19.1,49,,,,3164
29,1397652298,17.2,,,,,3060
2,1397652597,21.4,52,96,1,0,
3,1397652597,17.6,58,92,,0,
4,1397652598,19.4,50,91,,0,
27,1397652598,23.8,,100,,,3094
28,1397652599,19.1,48,,,,3164
29,1397652599,17.3,,,,,3060
2,1397652897,21.4,51,96,1,0,
3,1397652897,17.6,58,92,,0,
4,1397652897,19.4,50,91,,0,
27,1397652898,23.8,,100,,,3094
28,1397652898,19.0,46,,,,3164
29,1397652898,17.3,,,,,3060
2,1397653197,21.3,51,96,1,0,
3,1397653197,17.5,58,92,,0,
4,1397653198,19.3,47,91,,0,
27,1397653198,23.9,,100,,,3094
28,1397653198,19.0,43,,,,3164
29,1397653198,17.4,,,,,3060
2,1397653497,21.3,51,96,0,0,
3,1397653497,17.5,58,92,,0,
4,1397653498,19.3,46,91,,0,
27,1397653498,24.0,,100,,,3094
28,1397653498,18.9,41,,,,3164
29,1397653498,17.4,,,,,3060
2,1397653797,21.3,51,96,0,0,
3,1397653797,17.5,58,92,,0,
4,1397653797,19.3,47,91,,0,
27,1397653797,24.1,,100,,,3094
28,1397653797,18.9,41,,,,3164
29,1397653797,17.5,,,,,3060
2,1397654097,21.3,51,96,0,0,
3,1397654097,17.5,58,92,,0,
4,1397654098,19.3,46,91,,0,
27,1397654098,24.1,,100,,,3094
28,1397654098,18.9,40,,,,3164
29,1397654098,17.5,,,,,3060
2,1397654397,21.3,50,96,1,0,
3,1397654397,17.5,58,92,,0,
4,1397654398,19.3,47,91,,0,
27,1397654399,24.1,,100,,,3094
28,1397654399,18.9,39,,,,3164
29,1397654399,17.5,,,,,3060
2,1397654697,21.2,50,96,1,0,
3,1397654697,17.5,58,92,,0,
4,1397654699,19.3,46,91,,0,
27,1397654699,24.3,,100,,,3094
28,1397654699,18.9,40,,,,3164
29,1397654699,17.6,,,,,3060
2,1397654997,21.2,50,96,0,0,
3,1397654997,17.5,58,92,,0,
4,1397654997,19.2,47,91,,0,
27,1397654997,24.3,,100,,,3094
28,1397654997,18.9,40,,,,3164
29,1397654997,17.6,,,,,3060
2,1397655297,21.3,50,96,1,0,
3,1397655297,17.5,58,92,,0,
4,1397655297,19.2,48,91,,0,
27,1397655297,24.5,,100,,,3094
28,1397655297,18.8,40,,,,3164
29,1397655297,17.7,,,,,3060
2,1397655597,21.3,50,96,0,0,
3,1397655597,17.5,58,92,,0,
4,1397655598,19.2,48,91,,0,
27,1397655598,24.5,,100,,,3094
28,1397655598,18.8,41,,,,3164
29,1397655598,17.7,,,,,3060
2,1397655897,21.2,50,96,0,0,
3,1397655897,17.5,58,92,,0,
4,1397655898,19.2,49,91,,0,
27,1397655898,24.6,,100,,,3094
28,1397655898,18.8,42,,,,3164
29,1397655898,17.8,,,,,3060
2,1397656197,21.2,50,96,0,0,
3,1397656197,17.5,58,92,,0,
4,1397656198,19.2,49,90,,0,
27,1397656198,24.7,,100,,,3094
28,1397656198,18.8,41,,,,3164
29,1397656198,17.8,,,,,3060
2,1397656497,21.2,49,96,0,0,
3,1397656497,17.5,58,92,,0,
4,1397656498,19.2,49,90,,0,
27,1397656498,24.8,,100,,,3094
28,1397656499,18.8,42,,,,3164
29,1397656499,17.9,,,,,3060
2,1397656797,21.2,49,96,0,0,
3,1397656797,17.5,58,92,,0,
4,1397656799,19.2,48,91,,0,
27,1397656799,24.9,,100,,,3094
28,1397656799,18.7,42,,,,3164
29,1397656799,18.0,,,,,3060
2,1397657097,21.1,49,96,0,0,
3,1397657097,17.5,58,92,,0,
4,1397657097,19.1,48,90,,0,
27,1397657097,24.6,,100,,,3094
28,1397657097,18.7,42,,,,3164
29,1397657097,18.0,,,,,3060
2,1397657397,21.1,49,95,0,0,
3,1397657397,17.6,58,92,,0,
4,1397657397,19.1,49,91,,0,
27,1397657397,24.9,,100,,,3094
28,1397657397,18.7,42,,,,3164
29,1397657397,18.0,,,,,3060
2,1397657697,21.1,49,95,0,0,
3,1397657697,17.6,58,92,,0,
4,1397657698,19.1,49,91,,0,
27,1397657698,24.9,,100,,,3094
28,1397657698,18.7,42,,,,3164
29,1397657698,18.1,,,,,3060
2,1397657997,21.1,49,95,0,0,
3,1397657997,17.6,58,92,,0,
4,1397657998,19.1,48,91,,0,
27,1397657998,25.0,,100,,,3094
28,1397657998,18.7,42,,,,3164
29,1397657998,18.2,,,,,3060
2,1397658297,21.1,49,95,0,0,
3,1397658297,17.6,58,92,,0,
4,1397658299,19.1,48,90,,0,
27,1397658299,25.0,,100,,,3094
28,1397658299,18.7,42,,,,3164
29,1397658299,18.3,,,,,3060
2,1397658597,21.1,49,95,1,0,
3,1397658597,17.6,58,92,,0,
4,1397658598,19.1,47,91,,0,
27,1397658598,25.1,,100,,,3094
28,1397658598,18.7,42,,,,3164
29,1397658598,18.4,,,,,3060
2,1397658897,21.1,49,95,0,0,
3,1397658897,17.6,58,92,,0,
4,1397658898,19.1,49,90,,0,
27,1397658898,25.1,,100,,,3094
28,1397658899,18.6,42,,,,3164
29,1397658899,18.5,,,,,3060
2,1397659197,21.1,49,95,0,0,
3,1397659197,17.6,58,92,,0,
4,1397659198,19.1,48,90,,0,
27,1397659198,25.1,,100,,,3094
28,1397659198,18.6,42,,,,3164
29,1397659198,18.6,,,,,3060
2,1397659497,21.1,49,95,0,0,
3,1397659497,17.7,58,92,,0,
4,1397659497,19.1,49,90,,0,
27,1397659497,25.3,,100,,,3094
28,1397659497,18.6,42,,,,3164
29,1397659498,18.8,,,,,3060
2,1397659797,21.1,49,94,0,0,
3,1397659797,17.7,58,92,,0,
4,1397659797,19.1,48,90,,0,
27,1397659797,25.3,,100,,,3094
28,1397659797,18.6,42,,,,3164
29,1397659797,18.9,,,,,3060
2,1397660097,21.0,49,94,1,0,
3,1397660097,17.7,58,92,,0,
4,1397660097,19.1,49,90,,0,
27,1397660097,25.3,,100,,,3094
28,1397660097,18.6,42,,,,3164
29,1397660098,19.0,,,,,3060
2,1397660397,21.0,49,94,0,0,
3,1397660397,17.7,58,92,,0,
4,1397660399,19.0,48,90,,0,
27,1397660399,25.4,,100,,,3094
28,1397660399,18.6,41,,,,3164
29,1397660399,19.1,,,,,3060
2,1397660697,21.0,49,94,1,0,
3,1397660697,17.7,58,91,,0,
4,1397660697,19.0,46,90,,0,
27,1397660697,25.5,,100,,,3094
28,1397660697,18.6,41,,,,3164
29,1397660697,19.3,,,,,3060
2,1397660997,21.0,49,94,0,0,
3,1397660997,17.7,58,91,,0,
4,1397660997,19.0,48,90,,0,
27,1397660997,25.5,,100,,,3094
28,1397660997,18.7,41,,,,3164
29,1397660997,19.3,,,,,3060
2,1397661297,20.9,49,92,0,0,
3,1397661297,17.7,57,91,,0,
4,1397661297,19.0,48,90,,0,
27,1397661298,25.6,,100,,,3094
28,1397661298,18.6,41,,,,3164
29,1397661299,19.4,,,,,3060
2,1397661597,20.9,48,93,0,0,
3,1397661597,17.7,57,91,,0,
4,1397661598,19.0,48,90,,0,
27,1397661598,25.6,,100,,,3094
28,1397661598,18.6,41,,,,3164
29,1397661598,19.5,,,,,3060
2,1397661897,20.8,48,92,0,0,
3,1397661897,17.8,57,91,,0,
4,1397661898,19.0,48,90,,0,
27,1397661898,25.6,,100,,,3094
28,1397661898,18.6,41,,,,3164
29,1397661898,19.6,,,,,3060
2,1397662197,20.8,48,92,0,0,
3,1397662197,17.8,57,91,,0,
4,1397662199,19.0,48,90,,0,
27,1397662199,25.7,,100,,,3094
28,1397662199,18.6,41,,,,3164
29,1397662199,19.7,,,,,3060
2,1397662497,20.8,48,91,0,0,
3,1397662497,17.8,57,91,,0,
4,1397662498,19.0,49,90,,0,
27,1397662498,25.8,,100,,,3094
28,1397662498,18.6,41,,,,3164
29,1397662499,19.8,,,,,3060
2,1397662797,20.7,48,91,0,0,
3,1397662797,17.8,57,91,,0,
4,1397662799,19.0,47,90,,0,
27,1397662799,25.8,,100,,,3094
28,1397662799,18.6,41,,,,3164
29,1397662799,19.8,,,,,3060
2,1397663097,20.7,48,90,1,0,
3,1397663097,17.8,57,91,,0,
4,1397663097,18.9,48,90,,0,
27,1397663097,25.8,,100,,,3094
28,1397663098,18.6,41,,,,3164
29,1397663098,20.0,,,,,3060
2,1397663397,20.7,48,90,0,0,
3,1397663397,17.8,57,91,,0,
4,1397663398,18.9,48,90,,0,
27,1397663398,25.9,,100,,,3094
28,1397663398,18.6,41,,,,3164
29,1397663398,20.1,,,,,3060
2,1397663697,20.6,48,90,0,0,
3,1397663697,17.7,57,91,,0,
4,1397663698,18.9,48,90,,0,
27,1397663698,25.8,,100,,,3094
28,1397663698,18.5,41,,,,3164
29,1397663698,20.1,,,,,3060
2,1397663997,20.5,48,90,0,0,
3,1397663997,17.8,57,91,,0,
4,1397663997,18.9,48,90,,0,
27,1397663997,25.8,,100,,,3094
28,1397663997,18.5,41,,,,3164
29,1397663997,20.3,,,,,3060
2,1397664297,20.5,48,89,0,0,
3,1397664297,17.8,57,90,,0,
4,1397664298,18.9,48,90,,0,
27,1397664298,25.3,,100,,,3094
28,1397664298,18.5,41,,,,3164
29,1397664298,20.3,,,,,3060
2,1397664597,20.4,48,90,0,0,
3,1397664597,17.8,57,90,,0,
4,1397664597,18.9,48,90,,0,
27,1397664597,25.6,,100,,,3094
28,1397664597,18.5,41,,,,3164
29,1397664597,20.4,,,,,3060
2,1397664897,20.4,48,89,0,0,
3,1397664898,17.8,57,90,,0,
4,1397664899,18.9,48,90,,0,
27,1397664899,25.6,,100,,,3094
28,1397664899,18.5,41,,,,3164
29,1397664899,20.5,,,,,3060
2,1397665197,20.4,48,90,0,0,
3,1397665197,17.7,57,90,,0,
4,1397665198,18.9,48,90,,0,
27,1397665198,25.6,,100,,,3094
28,1397665198,18.5,41,,,,3164
29,1397665198,20.6,,,,,3060
2,1397665497,20.3,48,90,0,0,
3,1397665497,17.8,57,90,,0,
4,1397665498,18.9,47,90,,0,
27,1397665498,25.7,,100,,,3094
28,1397665498,18.5,41,,,,3164
29,1397665499,20.6,,,,,3060
2,1397665797,20.3,48,89,0,0,
3,1397665797,17.8,57,90,,0,
4,1397665798,18.8,49,90,,0,
27,1397665798,25.8,,100,,,3094
28,1397665798,18.5,41,,,,3164
29,1397665798,20.6,,,,,3060
2,1397666097,20.3,48,89,0,0,
3,1397666097,17.7,57,90,,0,
4,1397666099,18.9,49,90,,0,
27,1397666099,25.8,,100,,,3094
28,1397666099,18.5,41,,,,3164
29,1397666099,20.7,,,,,3060
2,1397666397,20.3,48,89,1,0,
3,1397666397,17.8,57,89,,0,
4,1397666397,18.8,49,90,,0,
27,1397666397,25.7,,100,,,3094
28,1397666397,18.5,42,,,,3164
29,1397666397,20.8,,,,,3060
2,1397666697,20.2,48,87,0,0,
3,1397666697,17.8,57,89,,0,
4,1397666697,18.8,50,90,,0,
27,1397666697,25.6,,100,,,3103
28,1397666697,18.5,42,,,,3164
29,1397666697,21.0,,,,,3060
2,1397666997,20.2,48,87,0,0,
3,1397666997,17.7,57,89,,0,
4,1397666998,18.8,51,90,,0,
27,1397666998,25.6,,100,,,3094
28,1397666998,18.5,47,,,,3164
29,1397666998,21.0,,,,,3060
2,1397667297,20.2,48,88,1,0,
3,1397667297,17.8,57,89,,0,
4,1397667297,18.8,51,89,,0,
27,1397667297,25.6,,100,,,3094
28,1397667297,18.5,46,,,,3164
29,1397667297,21.1,,,,,3060
2,1397667597,20.3,49,88,1,0,
3,1397667597,17.8,57,88,,0,
4,1397667597,18.8,54,89,,0,
27,1397667597,25.5,,100,,,3094
28,1397667597,18.5,52,,,,3164
29,1397667597,21.2,,,,,3060
2,1397667897,20.3,49,87,0,0,
3,1397667897,17.8,57,88,,0,
4,1397667898,18.8,52,89,,0,
27,1397667898,25.5,,100,,,3094
28,1397667898,18.6,50,,,,3164
29,1397667898,21.2,,,,,3060
2,1397668197,20.3,49,87,0,0,
3,1397668197,17.8,57,88,,0,
4,1397668197,18.8,51,89,,0,
27,1397668197,25.5,,100,,,3094
28,1397668197,18.6,49,,,,3164
29,1397668199,21.3,,,,,3060
2,1397668497,20.4,49,85,0,0,
3,1397668497,17.8,57,87,,0,
4,1397668497,18.8,51,89,,0,
27,1397668497,25.4,,100,,,3094
28,1397668497,18.5,49,,,,3164
29,1397668497,21.4,,,,,3060
2,1397668797,20.3,49,85,0,0,
3,1397668797,17.8,57,87,,0,
4,1397668798,18.8,51,89,,0,
27,1397668798,25.4,,100,,,3094
28,1397668798,18.5,49,,,,3164
29,1397668798,21.5,,,,,3060
2,1397669097,20.4,49,85,0,0,
3,1397669097,17.8,57,87,,0,
4,1397669098,18.8,52,89,,0,
27,1397669098,25.4,,100,,,3094
28,1397669098,18.5,49,,,,3164
29,1397669099,21.6,,,,,3060
2,1397669397,20.4,49,84,0,0,
3,1397669397,17.8,57,86,,0,
4,1397669397,18.8,53,89,,0,
27,1397669397,25.3,,100,,,3094
28,1397669397,18.6,49,,,,3164
29,1397669397,21.7,,,,,3060
2,1397669697,20.4,49,83,1,0,
3,1397669697,17.8,57,86,,0,
4,1397669697,18.8,53,88,,0,
27,1397669697,25.3,,100,,,3094
28,1397669697,18.6,49,,,,3164
29,1397669697,21.8,,,,,3060
2,1397669997,20.4,49,83,0,0,
3,1397669997,17.8,57,85,,0,
4,1397669998,18.8,53,88,,0,
27,1397669999,25.3,,100,,,3094
28,1397670000,18.6,49,,,,3164
29,1397670000,21.7,,,,,3060
2,1397670297,20.4,50,83,1,0,
3,1397670297,17.9,57,85,,0,
4,1397670301,18.8,54,87,,0,
27,1397670301,25.3,,100,,,3103
28,1397670301,18.5,50,,,,3164
29,1397670301,21.7,,,,,3060
2,1397670597,20.4,50,83,0,0,
3,1397670597,17.8,57,84,,0,
4,1397670598,18.8,53,71,,0,
27,1397670598,25.2,,100,,,3094
28,1397670598,18.6,50,,,,3164
29,1397670598,21.6,,,,,3060
2,1397670897,20.4,50,82,0,0,
3,1397670897,17.8,57,83,,0,
4,1397670898,18.8,54,71,,0,
27,1397670898,25.2,,100,,,3094
28,1397670898,18.5,51,,,,3164
29,1397670898,21.4,,,,,3060
2,1397671197,20.4,50,79,0,0,
3,1397671197,17.8,57,83,,0,
4,1397671197,18.8,55,41,,0,
27,1397671197,25.2,,100,,,3094
28,1397671197,18.5,51,,,,3164
29,1397671197,21.4,,,,,3060
2,1397671497,20.4,50,76,1,0,
3,1397671497,17.8,57,83,,0,
4,1397671497,18.8,56,42,,0,
27,1397671497,25.1,,100,,,3094
28,1397671497,18.6,51,,,,3164
29,1397671497,21.2,,,,,3060
2,1397671797,20.4,50,76,0,0,
3,1397671797,17.9,57,82,,0,
4,1397671798,18.8,57,41,,0,
27,1397671798,25.1,,100,,,3094
28,1397671798,18.5,52,,,,3164
29,1397671798,21.0,,,,,3060
2,1397672097,20.4,50,72,0,0,
3,1397672097,17.8,57,81,,0,
4,1397672098,18.7,57,41,,0,
27,1397672098,25.2,,100,,,3094
28,1397672098,18.5,52,,,,3164
29,1397672098,20.8,,,,,3060
2,1397672397,20.4,50,69,0,0,
3,1397672397,17.9,57,81,,0,
4,1397672398,18.7,57,40,,0,
27,1397672398,25.3,,100,,,3094
28,1397672398,18.5,52,,,,3164
29,1397672398,20.7,,,,,3060
2,1397672697,20.4,50,64,1,0,
3,1397672697,17.8,57,80,,0,
4,1397672697,18.8,57,19,,0,
27,1397672697,25.3,,100,,,3094
28,1397672697,18.5,52,,,,3164
29,1397672697,20.5,,,,,3060
2,1397672997,20.4,50,61,1,0,
3,1397672997,17.8,57,79,,0,
4,1397672997,18.7,57,18,,0,
27,1397672997,25.2,,100,,,3094
28,1397672997,18.5,52,,,,3164
29,1397672997,20.4,,,,,3060
2,1397673297,20.4,50,7,0,0,
3,1397673297,17.8,57,77,,0,
4,1397673297,18.7,57,16,,0,
27,1397673297,25.1,,100,,,3094
28,1397673297,18.5,52,,,,3164
29,1397673299,20.3,,,,,3060
2,1397673597,20.4,50,3,0,0,
3,1397673597,17.8,57,74,,0,
4,1397673597,18.8,57,13,,0,
27,1397673597,25.1,,100,,,3094
28,1397673597,18.5,52,,,,3164
29,1397673597,20.3,,,,,3060
2,1397673897,20.4,50,4,0,0,
3,1397673897,17.8,57,74,,0,
4,1397673898,18.7,57,11,,0,
27,1397673898,25.0,,100,,,3094
28,1397673898,18.4,52,,,,3164
29,1397673898,20.2,,,,,3060
2,1397674197,20.4,50,5,0,0,
3,1397674197,17.7,57,74,,0,
4,1397674198,18.7,57,9,,0,
27,1397674198,25.0,,99,,,3094
28,1397674198,18.4,53,,,,3164
29,1397674198,20.1,,,,,3060
2,1397674497,20.3,50,5,1,0,
3,1397674497,17.7,57,74,,0,
4,1397674497,18.7,57,5,,0,
27,1397674497,24.9,,98,,,3094
28,1397674497,18.4,53,,,,3164
29,1397674497,20.0,,,,,3060
2,1397674797,20.3,50,4,0,0,
3,1397674797,17.7,57,74,,0,
4,1397674797,18.7,57,3,,0,
27,1397674797,24.9,,98,,,3094
28,1397674797,18.4,53,,,,3164
29,1397674797,20.0,,,,,3060
2,1397675097,20.3,50,4,0,0,
3,1397675097,17.7,57,74,,0,
4,1397675098,18.7,57,1,,0,
27,1397675098,24.8,,96,,,3094
28,1397675099,18.4,53,,,,3164
29,1397675099,20.0,,,,,3060
2,1397675397,20.3,50,4,0,0,
3,1397675397,17.7,57,73,,0,
4,1397675397,18.7,57,1,,0,
27,1397675397,24.7,,94,,,3094
28,1397675397,18.4,53,,,,3164
29,1397675397,19.8,,,,,3060
2,1397675697,20.3,50,1,1,0,
3,1397675697,17.7,57,73,,0,
4,1397675697,18.6,57,0,,0,
27,1397675697,24.6,,91,,,3094
28,1397675697,18.4,53,,,,3164
29,1397675697,19.8,,,,,3060
2,1397675997,20.3,50,0,0,0,
3,1397675997,17.7,57,72,,0,
4,1397675997,18.7,57,0,,0,
27,1397675997,24.6,,91,,,3094
28,1397675998,18.4,53,,,,3164
29,1397675998,19.7,,,,,3060
2,1397676297,20.2,50,0,1,0,
3,1397676297,17.7,57,72,,0,
4,1397676297,18.6,57,0,,0,
27,1397676297,24.6,,86,,,3094
28,1397676297,18.4,54,,,,3164
29,1397676297,19.6,,,,,3060
2,1397676597,20.2,50,0,0,0,
3,1397676597,17.7,57,73,,0,
4,1397676598,18.6,57,0,,0,
27,1397676599,24.5,,83,,,3094
28,1397676599,18.4,54,,,,3164
29,1397676599,19.6,,,,,3060
2,1397676897,20.2,50,0,0,0,
3,1397676897,17.8,57,61,,0,
4,1397676898,18.6,58,0,,0,
27,1397676899,24.5,,81,,,3094
28,1397676899,18.3,54,,,,3164
29,1397676899,19.6,,,,,3060
2,1397677197,20.2,50,0,0,0,
3,1397677197,17.8,57,61,,0,
4,1397677198,18.6,58,0,,0,
27,1397677198,24.4,,81,,,3094
28,1397677198,18.3,55,,,,3164
29,1397677198,19.6,,,,,3060
2,1397677497,20.1,50,0,0,0,
3,1397677497,17.8,57,61,,0,
4,1397677498,18.6,59,0,,0,
27,1397677498,24.4,,82,,,3094
28,1397677498,18.3,55,,,,3164
29,1397677499,19.5,,,,,3060
2,1397677797,20.1,50,0,0,0,
3,1397677797,17.8,57,61,,0,
4,1397677797,18.6,59,0,,0,
27,1397677797,24.3,,82,,,3094
28,1397677797,18.3,55,,,,3164
29,1397677797,19.5,,,,,3060
2,1397678097,20.0,50,0,0,0,
3,1397678097,17.8,57,0,,0,
4,1397678098,18.6,59,0,,0,
27,1397678098,24.2,,80,,,3094
28,1397678098,18.3,55,,,,3164
29,1397678098,19.5,,,,,3060
2,1397678397,20.0,50,0,0,0,
3,1397678397,17.8,57,0,,0,
4,1397678398,18.6,59,0,,0,
27,1397678398,24.1,,83,,,3094
28,1397678398,18.3,55,,,,3164
29,1397678398,19.5,,,,,3060
2,1397678697,20.0,50,0,0,0,
3,1397678697,17.8,57,0,,0,
4,1397678699,18.5,59,0,,0,
27,1397678699,24.1,,83,,,3094
28,1397678699,18.3,55,,,,3164
29,1397678699,19.5,,,,,3060
2,1397678997,19.9,50,0,0,0,
3,1397678997,17.8,57,0,,0,
4,1397678998,18.5,59,0,,0,
27,1397678998,24.0,,80,,,3094
28,1397678998,18.3,55,,,,3164
29,1397678998,19.5,,,,,3060
2,1397679297,19.9,50,0,0,0,
3,1397679297,17.7,57,0,,0,
4,1397679300,18.5,59,0,,0,
27,1397679300,24.0,,80,,,3094
28,1397679300,18.3,55,,,,3164
29,1397679300,19.4,,,,,3060
2,1397679597,19.8,50,0,0,0,
3,1397679597,17.7,57,0,,0,
4,1397679598,18.5,59,0,,0,
27,1397679598,23.9,,83,,,3094
28,1397679598,18.2,55,,,,3164
29,1397679598,19.4,,,,,3060
2,1397679897,19.8,50,0,1,0,
3,1397679897,17.7,57,0,,0,
4,1397679897,18.5,59,0,,0,
27,1397679898,23.8,,81,,,3094
28,1397679898,18.2,55,,,,3164
29,1397679898,19.4,,,,,3060
2,1397680197,19.8,50,0,0,0,
3,1397680197,17.6,57,0,,0,
4,1397680199,18.4,59,0,,0,
27,1397680199,23.8,,83,,,3094
28,1397680199,18.2,55,,,,3164
29,1397680199,19.4,,,,,3060
2,1397680497,19.7,50,0,0,0,
3,1397680497,17.7,57,0,,0,
4,1397680497,18.5,59,0,,0,
27,1397680497,23.7,,80,,,3094
28,1397680497,18.2,56,,,,3164
29,1397680497,19.4,,,,,3060
2,1397680797,19.7,50,0,0,0,
3,1397680797,17.6,56,0,,0,
4,1397680797,18.5,59,0,,0,
27,1397680797,23.6,,82,,,3094
28,1397680797,18.2,56,,,,3164
29,1397680797,19.3,,,,,3060
2,1397681097,19.7,50,0,0,0,
3,1397681097,17.6,56,0,,0,
4,1397681097,18.5,60,0,,0,
27,1397681097,23.6,,81,,,3094
28,1397681097,18.2,56,,,,3164
29,1397681097,19.2,,,,,3060
2,1397681397,19.6,50,0,0,0,
3,1397681397,17.6,56,0,,0,
4,1397681397,18.4,60,0,,0,
27,1397681398,23.5,,81,,,3094
28,1397681398,18.2,55,,,,3164
29,1397681398,19.1,,,,,3060
2,1397681697,19.6,50,0,0,0,
3,1397681697,17.6,56,0,,0,
4,1397681698,18.5,61,0,,0,
27,1397681698,23.4,,83,,,3094
28,1397681698,18.2,55,,,,3164
29,1397681698,19.1,,,,,3060
2,1397681997,19.6,50,0,0,0,
3,1397681997,17.6,56,0,,0,
4,1397681997,18.5,60,0,,0,
27,1397681997,23.3,,82,,,3094
28,1397681997,18.2,55,,,,3164
29,1397681997,19.1,,,,,3060
2,1397682297,19.5,51,0,0,0,
3,1397682297,17.6,56,0,,0,
4,1397682298,18.4,60,0,,0,
27,1397682298,23.3,,82,,,3094
28,1397682298,18.1,55,,,,3164
29,1397682298,19.0,,,,,3060
2,1397682597,19.5,51,0,0,0,
3,1397682597,17.5,56,0,,0,
4,1397682598,18.4,60,0,,0,
27,1397682598,23.3,,80,,,3094
28,1397682598,18.1,55,,,,3164
29,1397682598,19.0,,,,,3060
2,1397682897,19.4,51,0,0,0,
3,1397682897,17.5,56,0,,0,
4,1397682899,18.4,60,0,,0,
27,1397682899,23.2,,80,,,3094
28,1397682899,18.1,55,,,,3164
29,1397682899,19.0,,,,,3060
2,1397683197,19.4,51,0,0,0,
3,1397683197,17.5,56,0,,0,
4,1397683197,18.4,60,0,,0,
27,1397683197,23.1,,83,,,3094
28,1397683197,18.1,55,,,,3164
29,1397683197,19.0,,,,,3060
2,1397683497,19.3,51,0,1,0,
3,1397683497,17.5,56,0,,0,
4,1397683497,18.4,61,0,,0,
27,1397683497,23.1,,82,,,3094
28,1397683497,18.1,55,,,,3164
29,1397683497,19.0,,,,,3060
2,1397683797,19.3,51,0,0,0,
3,1397683797,17.5,56,0,,0,
4,1397683798,18.4,60,0,,0,
27,1397683798,23.0,,82,,,3094
28,1397683798,18.0,55,,,,3164
29,1397683798,18.9,,,,,3060
2,1397684097,19.3,51,0,0,0,
3,1397684097,17.5,56,0,,0,
4,1397684098,18.4,60,0,,0,
27,1397684098,23.0,,83,,,3094
28,1397684098,18.1,55,,,,3164
29,1397684098,18.8,,,,,3060
2,1397684397,19.3,51,0,0,0,
3,1397684397,17.5,56,0,,0,
4,1397684398,18.4,60,0,,0,
27,1397684398,22.9,,81,,,3094
28,1397684398,18.0,55,,,,3164
29,1397684398,18.8,,,,,3060
2,1397684697,19.2,51,0,0,0,
3,1397684697,17.4,56,0,,0,
4,1397684697,18.4,60,0,,0,
27,1397684697,22.8,,80,,,3094
28,1397684697,18.0,55,,,,3164
29,1397684697,18.8,,,,,3060
2,1397684997,19.2,51,0,0,0,
3,1397684997,17.4,56,0,,0,
4,1397684998,18.4,59,0,,0,
27,1397684998,22.8,,82,,,3094
28,1397684998,18.0,55,,,,3164
29,1397684998,18.8,,,,,3060
2,1397685297,19.1,51,0,0,0,
3,1397685297,17.4,56,0,,0,
4,1397685298,18.4,59,0,,0,
27,1397685298,22.6,,83,,,3094
28,1397685298,18.0,55,,,,3164
29,1397685298,18.7,,,,,3060
2,1397685597,19.1,51,0,0,0,
3,1397685597,17.4,56,0,,0,
4,1397685598,18.3,59,0,,0,
27,1397685598,22.6,,82,,,3094
28,1397685598,18.0,55,,,,3164
29,1397685598,18.6,,,,,3060
2,1397685897,19.0,51,0,0,0,
3,1397685897,17.4,56,0,,0,
4,1397685898,18.3,60,0,,0,
27,1397685898,22.6,,82,,,3094
28,1397685898,17.9,55,,,,3164
29,1397685898,18.6,,,,,3060
2,1397686197,19.0,51,0,0,0,
3,1397686197,17.4,56,0,,0,
4,1397686198,18.3,59,0,,0,
27,1397686198,22.5,,83,,,3094
28,1397686198,17.9,55,,,,3164
29,1397686198,18.6,,,,,3060
2,1397686497,19.0,51,0,0,0,
3,1397686497,17.4,56,0,,0,
4,1397686498,18.3,59,0,,0,
27,1397686498,22.5,,83,,,3094
28,1397686498,17.9,55,,,,3164
29,1397686498,18.6,,,,,3060
2,1397686797,18.9,51,0,1,0,
3,1397686797,17.4,56,0,,0,
4,1397686797,18.3,59,0,,0,
27,1397686797,22.3,,82,,,3094
28,1397686797,17.9,55,,,,3164
29,1397686797,18.6,,,,,3060
2,1397687097,18.9,51,0,0,0,
3,1397687097,17.4,57,0,,0,
4,1397687097,18.2,59,0,,0,
27,1397687097,22.3,,81,,,3094
28,1397687097,17.9,54,,,,3164
29,1397687097,18.6,,,,,3060
2,1397687397,18.9,51,0,0,0,
3,1397687397,17.4,56,0,,0,
4,1397687397,18.2,59,0,,0,
27,1397687397,22.2,,80,,,3094
28,1397687397,17.8,55,,,,3164
29,1397687397,18.6,,,,,3060
2,1397687697,18.8,51,0,0,0,
3,1397687697,17.4,56,0,,0,
4,1397687698,18.2,59,0,,0,
27,1397687698,22.1,,82,,,3094
28,1397687698,17.8,55,,,,3164
29,1397687698,18.6,,,,,3060
2,1397687997,18.8,51,0,0,0,
3,1397687997,17.4,57,0,,0,
4,1397687997,18.2,59,0,,0,
27,1397687997,22.1,,80,,,3094
28,1397687997,17.9,55,,,,3164
29,1397687997,18.5,,,,,3060
2,1397688297,18.8,51,0,0,0,
3,1397688297,17.4,57,0,,0,
4,1397688299,18.1,59,0,,0,
27,1397688300,22.0,,81,,,3094
28,1397688300,17.8,55,,,,3164
29,1397688300,18.5,,,,,3060
2,1397688597,18.7,51,0,0,0,
3,1397688597,17.4,57,0,,0,
4,1397688598,18.1,59,0,,0,
27,1397688599,22.0,,81,,,3094
28,1397688599,17.8,54,,,,3164
29,1397688599,18.5,,,,,3060
2,1397688897,18.7,51,0,0,0,
3,1397688897,17.4,57,0,,0,
4,1397688898,18.1,58,0,,0,
27,1397688898,22.0,,83,,,3094
28,1397688898,17.8,54,,,,3164
29,1397688898,18.5,,,,,3060
2,1397689197,18.6,51,0,0,0,
3,1397689197,17.3,57,0,,0,
4,1397689198,18.0,58,0,,0,
27,1397689199,21.8,,82,,,3094
28,1397689199,17.8,55,,,,3164
29,1397689199,18.5,,,,,3060
2,1397689497,18.6,51,0,0,0,
3,1397689497,17.4,57,0,,0,
4,1397689498,18.0,59,0,,0,
27,1397689498,21.8,,81,,,3094
28,1397689498,17.7,55,,,,3164
29,1397689498,18.6,,,,,3060
2,1397689797,18.6,51,0,0,0,
3,1397689797,17.4,57,0,,0,
4,1397689797,18.0,58,0,,0,
27,1397689797,21.7,,80,,,3094
28,1397689797,17.7,54,,,,3164
29,1397689797,18.5,,,,,3060
2,1397690097,18.5,51,0,0,0,
3,1397690097,17.4,57,0,,0,
4,1397690097,18.0,58,0,,0,
27,1397690097,21.6,,82,,,3094
28,1397690097,17.7,54,,,,3164
29,1397690097,18.5,,,,,3060
2,1397690397,18.5,51,0,1,0,
3,1397690397,17.3,57,0,,0,
4,1397690397,18.0,58,0,,0,
27,1397690397,21.6,,80,,,3094
28,1397690397,17.7,54,,,,3164
29,1397690397,18.5,,,,,3060
2,1397690697,18.5,51,0,0,0,
3,1397690697,17.3,56,0,,0,
4,1397690697,17.9,59,0,,0,
27,1397690697,21.5,,82,,,3094
28,1397690697,17.7,54,,,,3164
29,1397690697,18.4,,,,,3060
2,1397690997,18.5,51,0,0,0,
3,1397690997,17.3,56,0,,0,
4,1397690998,17.9,58,0,,0,
27,1397690998,21.5,,80,,,3094
28,1397690998,17.6,54,,,,3164
29,1397690998,18.4,,,,,3060
2,1397691297,18.4,51,0,0,0,
3,1397691297,17.3,57,0,,0,
4,1397691298,17.9,59,0,,0,
27,1397691298,21.4,,81,,,3094
28,1397691298,17.6,54,,,,3164
29,1397691298,18.3,,,,,3060
2,1397691597,18.4,51,0,0,0,
3,1397691597,17.3,57,0,,0,
4,1397691599,17.9,58,0,,0,
27,1397691599,21.3,,80,,,3094
28,1397691599,17.6,54,,,,3164
29,1397691599,18.3,,,,,3060
2,1397691897,18.4,51,0,0,0,
3,1397691897,17.3,57,0,,0,
4,1397691898,17.9,58,0,,0,
27,1397691898,21.3,,82,,,3094
28,1397691898,17.6,54,,,,3164
29,1397691898,18.3,,,,,3060
2,1397692197,18.3,51,0,0,0,
3,1397692197,17.3,57,0,,0,
4,1397692198,17.8,58,0,,0,
27,1397692198,21.2,,82,,,3094
28,1397692198,17.6,54,,,,3164
29,1397692198,18.2,,,,,3060
2,1397692497,18.3,51,0,0,0,
3,1397692497,17.3,56,0,,0,
4,1397692498,17.8,58,0,,0,
27,1397692498,21.1,,82,,,3094
28,1397692498,17.5,54,,,,3164
29,1397692498,18.2,,,,,3060
2,1397692797,18.3,51,0,0,0,
3,1397692797,17.3,56,0,,0,
4,1397692798,17.8,58,0,,0,
27,1397692798,21.1,,83,,,3094
28,1397692798,17.5,54,,,,3164
29,1397692799,18.2,,,,,3060
2,1397693097,18.2,51,0,0,0,
3,1397693097,17.2,56,0,,0,
4,1397693099,17.8,58,0,,0,
27,1397693099,21.0,,81,,,3094
28,1397693099,17.5,54,,,,3164
29,1397693099,18.1,,,,,3060
2,1397693397,18.2,51,0,0,0,
3,1397693397,17.2,56,0,,0,
4,1397693398,17.8,58,0,,0,
27,1397693398,21.0,,82,,,3094
28,1397693398,17.5,54,,,,3164
29,1397693398,18.1,,,,,3060
2,1397693697,18.1,51,0,0,0,
3,1397693697,17.2,56,0,,0,
4,1397693697,17.7,58,0,,0,
27,1397693697,20.8,,80,,,3094
28,1397693697,17.4,54,,,,3164
29,1397693697,18.1,,,,,3060
2,1397693997,18.1,51,0,1,0,
3,1397693998,17.2,56,0,,0,
4,1397693999,17.7,58,0,,0,
27,1397693999,20.8,,80,,,3094
28,1397693999,17.4,54,,,,3164
29,1397694000,18.1,,,,,3060
2,1397694297,18.1,51,0,0,0,
3,1397694297,17.2,56,0,,0,
4,1397694298,17.7,59,0,,0,
27,1397694298,20.7,,82,,,3094
28,1397694298,17.4,54,,,,3164
29,1397694298,18.0,,,,,3060
2,1397694597,18.1,51,0,0,0,
3,1397694597,17.1,56,0,,0,
4,1397694597,17.7,59,0,,0,
27,1397694597,20.6,,83,,,3094
28,1397694598,17.4,54,,,,3164
29,1397694598,18.0,,,,,3060
2,1397694897,18.0,51,0,0,0,
3,1397694897,17.1,56,0,,0,
4,1397694898,17.7,59,0,,0,
27,1397694898,20.6,,83,,,3094
28,1397694898,17.4,54,,,,3164
29,1397694898,17.9,,,,,3060
2,1397695197,18.0,51,0,0,0,
3,1397695197,17.1,56,0,,0,
4,1397695197,17.6,59,0,,0,
27,1397695197,20.6,,80,,,3094
28,1397695197,17.3,54,,,,3164
29,1397695197,17.9,,,,,3060
2,1397695497,17.9,51,0,0,0,
3,1397695497,17.1,56,0,,0,
4,1397695498,17.6,59,0,,0,
27,1397695498,20.5,,81,,,3094
28,1397695498,17.3,54,,,,3164
29,1397695498,17.9,,,,,3060
2,1397695797,17.9,51,0,0,0,
3,1397695797,17.1,56,0,,0,
4,1397695799,17.6,59,0,,0,
27,1397695799,20.5,,82,,,3094
28,1397695799,17.3,54,,,,3164
29,1397695799,17.8,,,,,3060
2,1397696097,17.8,51,0,0,0,
3,1397696097,17.1,56,0,,0,
4,1397696098,17.6,59,0,,0,
27,1397696098,20.4,,81,,,3094
28,1397696098,17.3,54,,,,3164
29,1397696098,17.8,,,,,3060
2,1397696397,17.8,51,0,0,0,
3,1397696397,17.1,56,0,,0,
4,1397696399,17.5,59,0,,0,
27,1397696399,20.3,,82,,,3094
28,1397696399,17.3,54,,,,3164
29,1397696399,17.8,,,,,3060
2,1397696697,17.8,51,0,0,0,
3,1397696697,17.0,56,0,,0,
4,1397696698,17.5,59,0,,0,
27,1397696698,20.3,,82,,,3094
28,1397696698,17.2,54,,,,3164
29,1397696698,17.8,,,,,3060
2,1397696997,17.7,51,0,0,0,
3,1397696997,17.0,56,0,,0,
4,1397697000,17.5,59,0,,0,
27,1397697000,20.2,,81,,,3094
28,1397697000,17.2,54,,,,3164
29,1397697000,17.8,,,,,3060
2,1397697297,17.7,51,0,0,0,
3,1397697297,17.0,56,0,,0,
4,1397697297,17.5,59,0,,0,
27,1397697297,20.1,,81,,,3094
28,1397697297,17.2,54,,,,3164
29,1397697297,17.8,,,,,3060
2,1397697597,17.7,51,0,1,0,
3,1397697597,17.0,56,0,,0,
4,1397697597,17.5,59,0,,0,
27,1397697597,20.0,,81,,,3094
28,1397697597,17.1,54,,,,3164
29,1397697597,17.8,,,,,3060
2,1397697897,17.7,51,0,0,0,
3,1397697897,17.0,56,0,,0,
4,1397697898,17.5,59,0,,0,
27,1397697898,20.0,,81,,,3094
28,1397697899,17.1,54,,,,3164
29,1397697899,17.8,,,,,3060
2,1397698197,17.6,51,0,0,0,
3,1397698197,17.0,56,0,,0,
4,1397698198,17.5,59,0,,0,
27,1397698198,20.0,,81,,,3094
28,1397698198,17.1,54,,,,3164
29,1397698198,17.7,,,,,3060
2,1397698497,17.6,51,0,0,0,
3,1397698497,17.0,56,0,,0,
4,1397698498,17.4,58,0,,0,
27,1397698498,19.9,,81,,,3094
28,1397698498,17.0,54,,,,3164
29,1397698498,17.7,,,,,3060
2,1397698797,17.5,51,0,0,0,
3,1397698797,16.9,56,0,,0,
4,1397698797,17.4,58,0,,0,
27,1397698797,19.8,,82,,,3094
28,1397698797,17.1,54,,,,3164
29,1397698797,17.7,,,,,3060
2,1397699097,17.5,51,0,0,0,
3,1397699097,17.0,56,0,,0,
4,1397699098,17.4,59,0,,0,
27,1397699098,19.8,,80,,,3094
28,1397699098,17.1,54,,,,3164
29,1397699098,17.7,,,,,3060
2,1397699397,17.5,51,0,0,0,
3,1397699397,16.9,56,0,,0,
4,1397699399,17.3,58,0,,0,
27,1397699399,19.7,,82,,,3094
28,1397699399,17.0,54,,,,3164
29,1397699399,17.7,,,,,3060
2,1397699697,17.4,51,0,0,0,
3,1397699697,16.9,56,0,,0,
4,1397699697,17.3,58,0,,0,
27,1397699697,19.6,,81,,,3094
28,1397699697,17.1,54,,,,3164
29,1397699697,17.7,,,,,3060
2,1397699997,17.4,51,0,0,0,
3,1397699997,16.9,56,0,,0,
4,1397699997,17.3,58,0,,0,
27,1397699997,19.5,,82,,,3094
28,1397699998,17.1,54,,,,3164
29,1397699998,17.7,,,,,3060
2,1397700297,17.4,51,0,0,0,
3,1397700297,16.9,57,0,,0,
4,1397700299,17.3,58,0,,0,
27,1397700299,19.5,,81,,,3094
28,1397700299,17.0,54,,,,3164
29,1397700299,17.6,,,,,3060
2,1397700597,17.4,51,0,0,0,
3,1397700597,16.9,57,0,,0,
4,1397700597,17.2,58,0,,0,
27,1397700597,19.5,,82,,,3094
28,1397700597,17.1,54,,,,3164
29,1397700597,17.6,,,,,3060
2,1397700897,17.4,51,0,1,0,
3,1397700897,16.9,57,0,,0,
4,1397700898,17.2,58,0,,0,
27,1397700898,19.4,,82,,,3094
28,1397700898,17.1,54,,,,3164
29,1397700898,17.6,,,,,3060
2,1397701197,17.4,51,0,0,0,
3,1397701197,16.9,57,0,,0,
4,1397701197,17.1,58,0,,0,
27,1397701197,19.3,,81,,,3094
28,1397701197,17.0,54,,,,3164
29,1397701197,17.5,,,,,3060
2,1397701497,17.3,51,0,0,0,
3,1397701497,16.9,57,0,,0,
4,1397701498,17.2,58,0,,0,
27,1397701498,19.3,,81,,,3094
28,1397701498,17.0,54,,,,3164
29,1397701498,17.5,,,,,3060
2,1397701797,17.3,51,0,0,0,
3,1397701797,16.9,57,0,,0,
4,1397701799,17.2,58,0,,0,
27,1397701799,19.3,,80,,,3094
28,1397701799,17.0,53,,,,3164
29,1397701799,17.4,,,,,3060
2,1397702097,17.3,51,0,0,0,
3,1397702097,16.9,57,0,,0,
4,1397702097,17.1,58,0,,0,
27,1397702097,19.2,,82,,,3094
28,1397702097,17.1,53,,,,3164
29,1397702097,17.4,,,,,3060
2,1397702397,17.3,51,0,0,0,
3,1397702397,16.9,57,0,,0,
4,1397702398,17.2,58,0,,0,
27,1397702398,19.1,,80,,,3094
28,1397702398,17.0,53,,,,3164
29,1397702398,17.4,,,,,3060
2,1397702697,17.3,51,0,0,0,
3,1397702697,16.9,57,0,,0,
4,1397702698,17.1,57,0,,0,
27,1397702698,19.1,,81,,,3094
28,1397702698,17.0,53,,,,3164
29,1397702698,17.4,,,,,3060
2,1397702997,17.2,51,0,0,0,
3,1397702997,16.9,57,0,,0,
4,1397702998,17.1,57,0,,0,
27,1397702998,19.0,,82,,,3094
28,1397702998,17.0,53,,,,3164
29,1397702998,17.3,,,,,3060
2,1397703297,17.2,52,0,0,0,
3,1397703297,16.8,57,0,,0,
4,1397703298,17.2,57,0,,0,
27,1397703298,19.0,,82,,,3094
28,1397703298,17.0,53,,,,3164
29,1397703298,17.3,,,,,3060
2,1397703597,17.2,52,0,0,0,
3,1397703597,16.9,57,0,,0,
4,1397703598,17.2,57,0,,0,
27,1397703599,18.9,,81,,,3094
28,1397703599,17.1,53,,,,3164
29,1397703599,17.3,,,,,3060
2,1397703897,17.2,52,0,0,0,
3,1397703897,16.8,57,0,,0,
4,1397703899,17.2,57,0,,0,
27,1397703899,18.8,,82,,,3094
28,1397703899,17.1,53,,,,3164
29,1397703899,17.2,,,,,3060
2,1397704197,17.2,52,0,0,0,
3,1397704197,16.8,57,0,,0,
4,1397704198,17.2,57,0,,0,
27,1397704198,18.8,,82,,,3094
28,1397704198,17.0,53,,,,3164
29,1397704198,17.1,,,,,3060
2,1397704497,17.1,52,0,1,0,
3,1397704497,16.9,57,0,,0,
4,1397704497,17.3,57,0,,0,
27,1397704497,18.7,,80,,,3094
28,1397704497,17.1,52,,,,3164
29,1397704497,17.1,,,,,3060
2,1397704797,17.1,52,0,0,0,
3,1397704797,16.9,57,0,,0,
4,1397704797,17.3,56,0,,0,
27,1397704797,18.6,,80,,,3094
28,1397704797,17.1,52,,,,3164
29,1397704797,17.1,,,,,3060
2,1397705097,17.1,52,0,0,0,
3,1397705097,16.8,57,0,,0,
4,1397705098,17.3,57,0,,0,
27,1397705098,18.6,,81,,,3094
28,1397705098,17.1,52,,,,3164
29,1397705098,17.1,,,,,3060
2,1397705397,17.1,52,0,0,0,
3,1397705397,16.9,57,0,,0,
4,1397705399,17.3,56,0,,0,
27,1397705399,18.5,,81,,,3094
28,1397705399,17.1,52,,,,3164
29,1397705399,17.1,,,,,3060
2,1397705697,17.1,52,0,0,0,
3,1397705697,16.9,57,0,,0,
4,1397705697,17.2,56,0,,0,
27,1397705697,18.5,,82,,,3094
28,1397705697,17.1,52,,,,3164
29,1397705697,17.0,,,,,3060
2,1397705997,17.1,52,0,0,0,
3,1397705997,16.9,57,0,,0,
4,1397705998,17.3,56,0,,0,
27,1397705998,18.4,,81,,,3094
28,1397705998,17.1,52,,,,3164
29,1397705998,17.0,,,,,3060
2,1397706297,17.1,52,0,0,0,
3,1397706297,16.8,57,0,,0,
4,1397706298,17.3,56,0,,0,
27,1397706298,18.3,,82,,,3094
28,1397706298,17.1,52,,,,3164
29,1397706298,17.0,,,,,3060
2,1397706597,17.1,52,0,0,0,
3,1397706597,16.9,57,0,,0,
4,1397706598,17.3,56,0,,0,
27,1397706598,18.3,,82,,,3094
28,1397706598,17.1,52,,,,3164
29,1397706598,17.0,,,,,3060
2,1397706897,17.1,52,0,0,0,
3,1397706897,16.9,57,0,,0,
4,1397706898,17.3,56,0,,0,
27,1397706898,18.3,,82,,,3094
28,1397706898,17.2,52,,,,3164
29,1397706898,17.0,,,,,3060
2,1397707197,17.1,52,0,0,0,
3,1397707197,16.9,57,0,,0,
4,1397707199,17.3,56,0,,0,
27,1397707199,18.2,,82,,,3094
28,1397707199,17.2,52,,,,3164
29,1397707199,17.0,,,,,3060
2,1397707497,17.1,52,0,0,0,
3,1397707497,16.9,57,0,,0,
4,1397707497,17.3,56,0,,0,
27,1397707497,18.1,,81,,,3094
28,1397707497,17.2,51,,,,3164
29,1397707497,17.0,,,,,3060
2,1397707797,17.1,52,0,0,0,
3,1397707797,16.9,57,0,,0,
4,1397707797,17.3,56,0,,0,
27,1397707797,18.1,,81,,,3094
28,1397707797,17.2,51,,,,3164
29,1397707797,17.0,,,,,3060
2,1397708097,17.1,52,0,1,0,
3,1397708097,16.9,57,0,,0,
4,1397708097,17.3,56,34,,0,
27,1397708097,18.1,,81,,,3094
28,1397708097,17.3,51,,,,3164
29,1397708097,16.9,,,,,3060
2,1397708397,17.1,52,0,0,0,
3,1397708397,17.0,57,0,,0,
4,1397708398,17.4,56,33,,0,
27,1397708398,18.0,,81,,,3094
28,1397708399,17.4,51,,,,3164
29,1397708399,16.9,,,,,3060
2,1397708697,17.1,52,0,0,0,
3,1397708697,17.0,57,0,,0,
4,1397708698,17.5,56,33,,0,
27,1397708698,18.0,,81,,,3094
28,1397708698,17.6,50,,,,3164
29,1397708698,17.0,,,,,3060
2,1397708997,17.2,52,0,0,0,
3,1397708997,17.1,58,0,,0,
4,1397708998,17.7,56,34,,0,
27,1397708999,18.0,,82,,,3094
28,1397708999,17.7,50,,,,3164
29,1397708999,17.0,,,,,3060
2,1397709297,17.2,52,0,0,0,
3,1397709297,17.2,58,0,,0,
4,1397709297,17.8,55,33,,0,
27,1397709297,18.0,,81,,,3094
28,1397709297,17.9,49,,,,3164
29,1397709297,17.0,,,,,3060
2,1397709597,17.3,52,0,0,0,
3,1397709597,17.3,58,0,,0,
4,1397709598,17.9,55,34,,0,
27,1397709598,17.9,,81,,,3094
28,1397709598,18.0,49,,,,3164
29,1397709598,17.0,,,,,3060
2,1397709897,17.4,52,0,0,0,
3,1397709897,17.4,58,0,,0,
4,1397709897,18.0,55,33,,0,
27,1397709897,17.9,,82,,,3094
28,1397709897,18.1,49,,,,3164
29,1397709897,16.9,,,,,3060
2,1397710197,17.5,52,0,0,0,
3,1397710197,17.4,58,1,,0,
4,1397710198,18.1,55,33,,0,
27,1397710198,17.9,,84,,,3094
28,1397710199,18.1,49,,,,3164
29,1397710199,16.8,,,,,3060
2,1397710497,17.6,52,0,0,0,
3,1397710497,17.5,58,2,,0,
4,1397710497,18.2,55,34,,0,
27,1397710497,17.9,,87,,,3094
28,1397710497,18.2,48,,,,3164
29,1397710497,16.8,,,,,3060
2,1397710797,17.7,52,0,0,0,
3,1397710797,17.5,58,2,,0,
4,1397710798,18.3,55,35,,0,
27,1397710799,17.8,,92,,,3094
28,1397710799,18.4,48,,,,3164
29,1397710799,16.7,,,,,3060
2,1397711097,17.8,52,0,0,0,
3,1397711097,17.6,58,5,,0,
4,1397711098,18.4,54,34,,0,
27,1397711098,17.8,,96,,,3094
28,1397711098,18.5,48,,,,3164
29,1397711098,16.7,,,,,3060
2,1397711397,17.8,52,1,0,0,
3,1397711397,17.7,58,9,,0,
4,1397711399,18.5,54,36,,0,
27,1397711399,17.8,,97,,,3094
28,1397711399,18.5,47,,,,3164
29,1397711399,16.6,,,,,3060
2,1397711697,17.9,52,2,0,0,
3,1397711697,17.8,58,13,,0,
4,1397711697,18.6,54,36,,0,
27,1397711697,17.8,,98,,,3094
28,1397711697,18.7,47,,,,3164
29,1397711697,16.6,,,,,3060
2,1397711997,18.0,52,3,0,0,
3,1397711997,17.8,58,18,,0,
4,1397711997,18.8,54,36,,0,
27,1397711997,17.8,,99,,,3094
28,1397711997,18.8,47,,,,3164
29,1397711997,16.6,,,,,3060
2,1397712297,18.0,52,3,0,0,
3,1397712297,17.9,58,22,,0,
4,1397712297,18.9,54,36,,0,
27,1397712297,17.8,,100,,,3094
28,1397712297,18.8,47,,,,3164
29,1397712297,16.6,,,,,3060
2,1397712597,18.1,52,4,0,0,
3,1397712597,18.0,58,25,,0,
4,1397712598,18.9,54,35,,0,
27,1397712598,17.8,,100,,,3094
28,1397712598,18.8,47,,,,3164
29,1397712598,16.6,,,,,3060
2,1397712897,18.1,52,6,0,0,
3,1397712897,18.0,58,31,,0,
4,1397712899,19.1,54,70,,0,
27,1397712899,17.8,,100,,,3094
28,1397712899,19.1,46,,,,3164
29,1397712899,16.6,,,,,3060
2,1397713197,18.2,52,8,0,0,
3,1397713197,18.1,59,34,,0,
4,1397713199,19.1,54,70,,0,
27,1397713199,17.8,,100,,,3094
28,1397713199,19.1,46,,,,3164
29,1397713199,16.5,,,,,3060
2,1397713497,18.3,52,10,1,0,
3,1397713497,18.2,59,37,,0,
4,1397713498,19.2,54,69,,0,
27,1397713498,17.8,,100,,,3094
28,1397713498,19.2,46,,,,3164
29,1397713498,16.5,,,,,3060
2,1397713797,18.3,52,31,1,0,
3,1397713797,18.3,59,70,,0,
4,1397713798,19.2,54,69,,0,
27,1397713798,17.7,,100,,,3094
28,1397713798,19.2,47,,,,3164
29,1397713798,16.5,,,,,3060
2,1397714097,18.3,52,31,0,0,
3,1397714097,18.3,59,72,,0,
4,1397714098,19.2,54,38,,0,
27,1397714098,17.7,,100,,,3094
28,1397714098,19.2,47,,,,3164
29,1397714098,16.4,,,,,3060
2,1397714397,18.4,52,39,0,0,
3,1397714397,18.4,58,78,,0,
4,1397714398,19.3,54,57,,0,
27,1397714398,17.7,,100,,,3094
28,1397714398,19.2,47,,,,3164
29,1397714398,16.3,,,,,3060
2,1397714697,18.4,52,39,0,0,
3,1397714697,18.4,58,85,,0,
4,1397714697,19.4,53,97,,0,
27,1397714697,17.7,,100,,,3094
28,1397714697,19.2,47,,,,3164
29,1397714697,16.3,,,,,3060
2,1397714997,18.5,52,45,1,0,
3,1397714997,18.4,58,86,,0,
4,1397715000,19.6,52,96,,0,
27,1397715000,17.7,,100,,,3094
28,1397715000,19.2,47,,,,3164
29,1397715000,16.3,,,,,3060
2,1397715297,18.5,52,76,0,0,
3,1397715297,18.3,58,87,,0,
4,1397715298,19.7,52,94,,0,
27,1397715298,17.8,,100,,,3094
28,1397715298,19.2,47,,,,3164
29,1397715298,16.3,,,,,3060
2,1397715597,18.6,52,76,1,0,
3,1397715597,18.2,57,87,,0,
4,1397715598,19.7,52,94,,0,
27,1397715598,17.7,,100,,,3094
28,1397715598,19.3,47,,,,3164
29,1397715598,16.3,,,,,3060
2,1397715897,18.6,52,79,1,0,
3,1397715897,18.1,57,87,,0,
4,1397715899,19.6,52,94,,0,
27,1397715899,17.8,,100,,,3094
28,1397715899,19.3,48,,,,3164
29,1397715899,16.3,,,,,3060
2,1397716197,18.6,52,81,0,0,
3,1397716197,17.9,57,87,,0,
4,1397716197,19.6,51,94,,0,
27,1397716197,17.8,,100,,,3094
28,1397716197,19.3,50,,,,3164
29,1397716197,16.2,,,,,3060
2,1397716497,18.6,52,83,1,0,
3,1397716497,17.8,57,88,,0,
4,1397716499,19.6,51,93,,0,
27,1397716499,17.8,,100,,,3094
28,1397716499,19.3,48,,,,3164
29,1397716499,16.2,,,,,3060
2,1397716797,18.6,52,84,1,0,
3,1397716797,17.8,57,88,,0,
4,1397716798,19.6,51,93,,0,
27,1397716798,17.8,,100,,,3094
28,1397716798,19.3,47,,,,3164
29,1397716798,16.2,,,,,3060
2,1397717097,18.7,52,85,1,0,
3,1397717097,17.9,58,89,,0,
4,1397717099,19.6,51,93,,0,
27,1397717099,17.8,,100,,,3094
28,1397717099,19.3,47,,,,3164
29,1397717099,16.1,,,,,3060
2,1397717397,18.7,52,83,1,0,
3,1397717397,17.9,58,89,,0,
4,1397717398,19.7,51,93,,0,
27,1397717399,17.8,,100,,,3094
28,1397717399,19.4,47,,,,3164
29,1397717399,16.2,,,,,3060
2,1397717697,18.7,52,83,0,0,
3,1397717697,17.9,58,89,,0,
4,1397717698,19.7,51,93,,0,
27,1397717699,17.8,,100,,,3094
28,1397717699,19.4,47,,,,3164
29,1397717699,16.2,,,,,3060
2,1397717997,18.8,52,84,0,0,
3,1397717997,18.0,58,89,,0,
4,1397717998,19.8,50,93,,0,
27,1397717998,17.8,,100,,,3094
28,1397717998,19.5,47,,,,3164
29,1397717998,16.3,,,,,3060
2,1397718297,18.8,52,85,0,0,
3,1397718297,18.1,58,89,,0,
4,1397718298,19.8,50,93,,0,
27,1397718298,17.8,,100,,,3094
28,1397718298,19.5,47,,,,3164
29,1397718298,16.3,,,,,3060
2,1397718597,18.9,52,85,0,0,
3,1397718597,18.1,58,89,,0,
4,1397718598,19.8,50,93,,0,
27,1397718598,17.8,,100,,,3094
28,1397718598,19.6,47,,,,3164
29,1397718598,16.3,,,,,3060
2,1397718897,18.9,52,85,0,0,
3,1397718897,18.1,58,90,,0,
4,1397718898,19.9,50,93,,0,
27,1397718898,17.8,,100,,,3094
28,1397718898,19.7,47,,,,3164
29,1397718898,16.4,,,,,3060
2,1397719197,19.0,52,86,0,0,
3,1397719197,18.2,58,90,,0,
4,1397719197,19.9,50,93,,0,
27,1397719197,17.8,,100,,,3094
28,1397719197,19.7,47,,,,3164
29,1397719197,16.3,,,,,3060
2,1397719497,19.1,52,86,0,0,
3,1397719497,18.3,58,90,,0,
4,1397719499,20.0,50,93,,0,
27,1397719500,17.8,,100,,,3094
28,1397719500,19.7,47,,,,3164
29,1397719500,16.3,,,,,3060
2,1397719797,19.2,52,87,0,0,
3,1397719797,18.3,58,90,,0,
4,1397719797,20.0,50,93,,0,
27,1397719797,17.8,,100,,,3094
28,1397719797,19.7,47,,,,3164
29,1397719797,16.3,,,,,3060
2,1397720097,19.2,52,87,1,0,
3,1397720097,18.4,58,90,,0,
4,1397720097,20.0,50,93,,0,
27,1397720097,17.9,,100,,,3094
28,1397720097,19.7,47,,,,3164
29,1397720097,16.3,,,,,3060
2,1397720397,19.2,52,87,0,0,
3,1397720397,18.4,58,90,,0,
4,1397720397,20.0,49,92,,0,
27,1397720397,18.0,,100,,,3094
28,1397720397,19.7,47,,,,3164
29,1397720397,16.3,,,,,3060
2,1397720697,19.3,52,87,0,0,
3,1397720697,18.4,58,90,,0,
4,1397720697,20.0,50,93,,0,
27,1397720697,18.1,,100,,,3094
28,1397720697,19.8,47,,,,3164
29,1397720697,16.2,,,,,3060
2,1397720997,19.3,52,88,0,0,
3,1397720997,18.4,58,90,,0,
4,1397720997,20.1,49,93,,0,
27,1397720997,18.4,,100,,,3094
28,1397720997,19.8,47,,,,3164
29,1397720997,16.2,,,,,3060
2,1397721297,19.4,52,88,0,0,
3,1397721297,18.5,58,90,,0,
4,1397721299,20.1,50,93,,0,
27,1397721299,18.4,,100,,,3094
28,1397721299,19.9,47,,,,3164
29,1397721299,16.2,,,,,3060
2,1397721597,19.4,52,88,0,0,
3,1397721597,18.5,58,90,,0,
4,1397721598,20.1,50,93,,0,
27,1397721598,18.5,,100,,,3094
28,1397721598,19.8,47,,,,3164
29,1397721598,16.1,,,,,3060
2,1397721897,19.4,52,88,0,0,
3,1397721897,18.5,58,90,,0,
4,1397721898,20.0,50,93,,0,
27,1397721898,18.6,,100,,,3094
28,1397721898,19.8,47,,,,3164
29,1397721898,16.1,,,,,3060
2,1397722197,19.4,52,89,1,0,
3,1397722197,18.6,58,91,,0,
4,1397722198,20.0,50,93,,0,
27,1397722199,18.8,,100,,,3094
28,1397722199,19.7,47,,,,3164
29,1397722199,16.2,,,,,3060
2,1397722497,19.4,52,89,0,0,
3,1397722497,18.5,58,91,,0,
4,1397722498,20.0,50,93,,0,
27,1397722498,18.9,,100,,,3094
28,1397722498,19.7,47,,,,3164
29,1397722498,16.1,,,,,3060
2,1397722797,19.4,52,89,0,0,
3,1397722797,18.5,58,91,,0,
4,1397722798,20.0,50,93,,0,
27,1397722798,19.0,,100,,,3094
28,1397722798,19.7,48,,,,3164
29,1397722798,16.1,,,,,3060
2,1397723097,19.4,52,90,0,0,
3,1397723097,18.5,58,91,,0,
4,1397723097,19.9,50,93,,0,
27,1397723097,19.1,,100,,,3094
28,1397723097,19.6,48,,,,3164
29,1397723097,16.1,,,,,3060
2,1397723397,19.4,52,90,0,0,
3,1397723397,18.5,58,91,,0,
4,1397723398,19.9,50,92,,0,
27,1397723398,19.3,,100,,,3094
28,1397723398,19.6,48,,,,3164
29,1397723398,16.0,,,,,3060
2,1397723697,19.4,52,90,0,0,
3,1397723697,18.4,58,91,,0,
4,1397723698,19.8,50,92,,0,
27,1397723698,19.5,,100,,,3094
28,1397723698,19.5,48,,,,3164
29,1397723698,16.0,,,,,3060
2,1397723997,19.3,52,90,1,0,
3,1397723997,18.4,57,91,,0,
4,1397723997,19.8,50,92,,0,
27,1397723997,19.6,,100,,,3094
28,1397723997,19.5,48,,,,3164
29,1397723997,16.0,,,,,3060
2,1397724297,19.3,52,90,1,0,
3,1397724297,18.4,57,91,,0,
4,1397724298,19.8,50,92,,0,
27,1397724298,19.7,,100,,,3094
28,1397724298,19.5,48,,,,3164
29,1397724298,16.0,,,,,3060
2,1397724597,19.3,52,90,1,0,
3,1397724597,18.3,57,92,,0,
4,1397724598,19.6,49,92,,0,
27,1397724598,19.8,,100,,,3094
28,1397724598,19.4,48,,,,3164
29,1397724598,16.0,,,,,3060
2,1397724897,19.3,52,91,1,0,
3,1397724897,18.3,57,92,,0,
4,1397724897,19.6,50,92,,0,
27,1397724897,19.8,,100,,,3094
28,1397724897,19.4,48,,,,3164
29,1397724897,16.1,,,,,3060
2,1397725197,19.4,52,91,0,0,
3,1397725197,18.3,57,92,,0,
4,1397725197,19.6,50,92,,0,
27,1397725197,20.0,,100,,,3094
28,1397725197,19.3,48,,,,3164
29,1397725197,16.1,,,,,3060
2,1397725497,19.4,52,91,0,0,
3,1397725497,18.3,57,92,,0,
4,1397725497,19.5,50,92,,0,
27,1397725497,20.1,,100,,,3094
28,1397725497,19.3,49,,,,3164
29,1397725498,16.2,,,,,3060
2,1397725797,19.4,52,92,0,0,
3,1397725797,18.2,57,92,,0,
4,1397725798,19.4,51,92,,0,
27,1397725798,20.3,,100,,,3094
28,1397725798,19.3,49,,,,3164
29,1397725798,16.2,,,,,3060
2,1397726097,19.4,52,92,1,0,
3,1397726097,18.2,57,92,,0,
4,1397726098,19.4,51,92,,0,
27,1397726098,20.4,,100,,,3094
28,1397726098,19.2,49,,,,3164
29,1397726098,16.2,,,,,3060
2,1397726397,19.4,52,92,0,0,
3,1397726397,18.2,57,92,,0,
4,1397726398,19.4,51,92,,0,
27,1397726398,20.5,,100,,,3094
28,1397726398,19.2,49,,,,3164
29,1397726398,16.1,,,,,3060
2,1397726697,19.4,52,92,1,0,
3,1397726697,18.1,57,92,,0,
4,1397726699,19.4,52,92,,0,
27,1397726699,20.6,,100,,,3094
28,1397726699,19.1,49,,,,3164
29,1397726699,16.1,,,,,3060
2,1397726997,19.4,52,92,0,0,
3,1397726997,18.1,57,92,,0,
4,1397726997,19.4,52,92,,0,
27,1397726997,20.8,,100,,,3094
28,1397726997,19.1,49,,,,3164
29,1397726997,16.1,,,,,3060
2,1397727297,19.4,52,92,1,0,
3,1397727297,18.1,57,92,,0,
4,1397727297,19.4,52,92,,0,
27,1397727297,21.0,,100,,,3094
28,1397727298,19.1,50,,,,3164
29,1397727298,16.2,,,,,3060
2,1397727597,19.4,52,93,1,0,
3,1397727597,18.1,57,92,,0,
4,1397727597,19.4,52,92,,0,
27,1397727597,21.1,,100,,,3094
28,1397727597,19.0,50,,,,3164
29,1397727597,16.2,,,,,3060
2,1397727897,19.3,51,93,0,0,
3,1397727897,18.0,57,92,,0,
4,1397727899,19.3,52,92,,0,
27,1397727899,21.1,,100,,,3094
28,1397727899,19.0,50,,,,3164
29,1397727899,16.2,,,,,3060
2,1397728197,19.3,51,93,0,0,
3,1397728197,17.9,57,92,,0,
4,1397728198,19.3,51,92,,0,
27,1397728198,21.3,,100,,,3094
28,1397728200,18.9,49,,,,3164
29,1397728200,16.3,,,,,3060
2,1397728497,19.4,51,94,1,0,
3,1397728497,17.9,57,92,,0,
4,1397728497,19.3,51,92,,0,
27,1397728497,21.5,,100,,,3094
28,1397728497,18.9,48,,,,3164
29,1397728497,16.4,,,,,3060
2,1397728797,19.4,51,94,0,0,
3,1397728797,17.9,57,92,,0,
4,1397728797,19.3,51,92,,0,
27,1397728797,21.6,,100,,,3094
28,1397728797,18.9,47,,,,3164
29,1397728797,16.5,,,,,3060
2,1397729097,19.4,51,94,0,0,
3,1397729097,17.9,57,92,,0,
4,1397729098,19.2,50,92,,0,
27,1397729098,21.8,,100,,,3094
28,1397729098,18.9,47,,,,3164
29,1397729098,16.5,,,,,3060
2,1397729397,19.4,51,94,0,0,
3,1397729397,17.8,57,92,,0,
4,1397729398,19.2,50,92,,0,
27,1397729398,21.9,,100,,,3094
28,1397729398,18.8,47,,,,3164
29,1397729399,16.5,,,,,3060
2,1397729697,19.4,51,94,0,0,
3,1397729697,17.8,57,92,,0,
4,1397729697,19.2,50,92,,0,
27,1397729697,22.0,,100,,,3094
28,1397729697,18.8,46,,,,3164
29,1397729697,16.6,,,,,3060
2,1397729997,19.4,51,94,0,0,
3,1397729997,17.8,57,92,,0,
4,1397729999,19.2,50,92,,0,
27,1397729999,22.1,,100,,,3094
28,1397729999,18.8,46,,,,3164
29,1397729999,16.6,,,,,3060
2,1397730297,19.5,51,94,1,0,
3,1397730297,17.7,57,92,,0,
4,1397730297,19.2,49,92,,0,
27,1397730297,22.3,,100,,,3094
28,1397730297,18.7,46,,,,3164
29,1397730297,16.6,,,,,3060
2,1397730597,19.5,51,94,0,0,
3,1397730597,17.7,57,92,,0,
4,1397730598,19.1,49,92,,0,
27,1397730598,22.2,,100,,,3094
28,1397730598,18.7,46,,,,3164
29,1397730599,16.6,,,,,3060
2,1397730897,19.6,51,94,1,0,
3,1397730897,17.7,57,92,,0,
4,1397730897,19.1,50,92,,0,
27,1397730897,22.1,,100,,,3094
28,1397730897,18.7,46,,,,3164
29,1397730897,16.6,,,,,3060
2,1397731197,19.7,51,94,0,0,
3,1397731197,17.7,57,92,,0,
4,1397731198,19.1,50,92,,0,
27,1397731198,22.1,,100,,,3094
28,1397731198,18.6,46,,,,3164
29,1397731198,16.6,,,,,3060
2,1397731497,19.7,51,94,0,0,
3,1397731497,17.7,57,92,,0,
4,1397731498,19.1,51,92,,0,
27,1397731498,22.1,,100,,,3094
28,1397731498,18.6,46,,,,3164
29,1397731498,16.7,,,,,3060
2,1397731797,19.8,51,95,1,0,
3,1397731797,17.6,57,92,,0,
4,1397731800,19.1,51,92,,0,
27,1397731801,22.2,,100,,,3094
28,1397731802,18.6,46,,,,3164
29,1397731802,16.7,,,,,3060
2,1397732097,19.9,51,95,1,0,
3,1397732097,17.6,57,92,,0,
4,1397732098,19.1,51,92,,0,
27,1397732098,22.3,,100,,,3094
28,1397732098,18.6,46,,,,3164
29,1397732098,16.7,,,,,3060
2,1397732397,19.9,51,95,0,0,
3,1397732397,17.6,57,92,,0,
4,1397732399,19.1,51,92,,0,
27,1397732399,22.3,,100,,,3094
28,1397732399,18.6,47,,,,3164
29,1397732399,16.7,,,,,3060
2,1397732697,20.0,51,95,0,0,
3,1397732697,17.6,57,92,,0,
4,1397732701,19.1,50,92,,0,
27,1397732701,22.8,,100,,,3094
28,1397732702,18.6,48,,,,3164
29,1397732702,16.8,,,,,3060
2,1397732997,20.0,51,95,0,0,
3,1397732997,17.6,57,92,,0,
4,1397733000,19.1,50,92,,0,
27,1397733000,23.0,,100,,,3094
28,1397733000,18.5,48,,,,3164
29,1397733000,16.8,,,,,3060
2,1397733297,20.1,51,95,0,0,
3,1397733297,17.5,57,92,,0,
4,1397733298,19.1,50,92,,0,
27,1397733298,23.2,,100,,,3094
28,1397733298,18.5,49,,,,3164
29,1397733300,16.8,,,,,3060
2,1397733597,20.1,51,95,0,0,
3,1397733597,17.5,57,92,,0,
4,1397733599,19.1,49,92,,0,
27,1397733599,23.4,,100,,,3094
28,1397733599,18.5,49,,,,3164
29,1397733599,16.8,,,,,3060
2,1397733897,20.1,50,95,0,0,
3,1397733897,17.5,57,92,,0,
4,1397733897,19.1,49,91,,0,
27,1397733897,23.6,,100,,,3094
28,1397733897,18.5,49,,,,3164
29,1397733897,16.8,,,,,3060
2,1397734197,20.2,50,95,0,0,
3,1397734197,17.5,57,92,,0,
4,1397734198,19.1,48,92,,0,
27,1397734198,23.6,,100,,,3094
28,1397734198,18.5,49,,,,3164
29,1397734198,16.8,,,,,3060
2,1397734497,20.3,50,95,0,0,
3,1397734497,17.5,57,92,,0,
4,1397734499,19.1,49,92,,0,
27,1397734499,23.6,,100,,,3094
28,1397734499,18.4,49,,,,3164
29,1397734499,16.9,,,,,3060
2,1397734797,20.3,50,95,1,0,
3,1397734797,17.5,57,92,,0,
4,1397734797,19.1,48,91,,0,
27,1397734797,23.8,,100,,,3094
28,1397734797,18.5,50,,,,3164
29,1397734797,16.9,,,,,3060
2,1397735097,20.3,50,95,1,0,
3,1397735097,17.5,57,92,,0,
4,1397735100,19.1,48,91,,0,
27,1397735103,24.0,,100,,,3094
28,1397735103,18.4,49,,,,3164
29,1397735103,17.0,,,,,3060
2,1397735397,20.4,50,96,0,0,
3,1397735397,17.5,57,92,,0,
4,1397735398,19.1,48,91,,0,
27,1397735398,24.1,,100,,,3094
28,1397735398,18.4,50,,,,3164
29,1397735398,17.0,,,,,3060
2,1397735697,20.4,50,96,0,0,
3,1397735697,17.5,57,92,,0,
4,1397735698,19.1,48,91,,0,
27,1397735698,24.1,,100,,,3094
28,1397735698,18.4,50,,,,3164
29,1397735698,17.0,,,,,3060
2,1397735997,20.5,49,96,0,0,
3,1397735997,17.5,57,92,,0,
4,1397735998,19.1,46,91,,0,
27,1397735998,24.3,,100,,,3094
28,1397735998,18.4,50,,,,3164
29,1397735998,17.0,,,,,3060
2,1397736297,20.5,49,96,0,0,
3,1397736297,17.5,57,92,,0,
4,1397736299,19.1,46,91,,0,
27,1397736299,24.2,,100,,,3094
28,1397736300,18.4,50,,,,3164
29,1397736300,17.1,,,,,3060
2,1397736597,20.5,49,96,0,0,
3,1397736597,17.5,57,92,,0,
4,1397736599,19.1,46,91,,0,
27,1397736600,24.2,,100,,,3094
28,1397736600,18.4,50,,,,3164
29,1397736600,17.1,,,,,3060
2,1397736897,20.6,49,96,1,0,
3,1397736897,17.4,57,92,,0,
4,1397736898,19.1,46,92,,0,
27,1397736898,24.3,,100,,,3094
28,1397736898,18.3,51,,,,3164
29,1397736898,17.1,,,,,3060
2,1397737197,20.6,49,96,0,0,
3,1397737197,17.4,57,92,,0,
4,1397737197,19.1,46,92,,0,
27,1397737197,24.4,,100,,,3094
28,1397737197,18.3,51,,,,3164
29,1397737197,17.2,,,,,3060
2,1397737497,20.7,49,96,0,0,
3,1397737497,17.4,57,92,,0,
4,1397737497,19.2,47,91,,0,
27,1397737497,24.5,,100,,,3094
28,1397737497,18.3,51,,,,3164
29,1397737497,17.2,,,,,3060
2,1397737797,20.8,49,96,0,0,
3,1397737797,17.4,57,92,,0,
4,1397737798,19.2,47,91,,0,
27,1397737798,24.6,,100,,,3094
28,1397737798,18.3,51,,,,3164
29,1397737798,17.3,,,,,3060
2,1397738097,20.8,49,96,0,0,
3,1397738097,17.4,57,92,,0,
4,1397738097,19.2,47,91,,0,
27,1397738097,24.7,,100,,,3094
28,1397738097,18.3,51,,,,3164
29,1397738097,17.3,,,,,3060
2,1397738397,20.9,49,96,0,0,
3,1397738397,17.4,57,92,,0,
4,1397738397,19.2,47,91,,0,
27,1397738397,24.8,,100,,,3094
28,1397738397,18.3,51,,,,3164
29,1397738397,17.4,,,,,3060
2,1397738697,21.0,49,96,0,0,
3,1397738697,17.4,57,92,,0,
4,1397738699,19.2,47,91,,0,
27,1397738699,25.0,,100,,,3094
28,1397738699,18.3,51,,,,3164
29,1397738699,17.5,,,,,3060
2,1397738997,21.0,49,96,0,0,
3,1397738997,17.4,57,92,,0,
4,1397738998,19.3,47,91,,0,
27,1397738998,25.1,,100,,,3094
28,1397738998,18.3,51,,,,3164
29,1397738998,17.5,,,,,3060
2,1397739297,21.1,49,96,0,0,
3,1397739297,17.4,57,92,,0,
4,1397739298,19.2,47,91,,0,
27,1397739298,25.2,,100,,,3094
28,1397739298,18.3,51,,,,3164
29,1397739298,17.6,,,,,3060
2,1397739597,21.2,49,96,0,0,
3,1397739597,17.4,57,92,,0,
4,1397739598,19.3,47,91,,0,
27,1397739599,25.3,,100,,,3094
28,1397739599,18.3,51,,,,3164
29,1397739599,17.6,,,,,3060
2,1397739897,21.2,49,96,0,0,
3,1397739897,17.4,57,92,,0,
4,1397739897,19.3,48,91,,0,
27,1397739897,25.4,,100,,,3094
28,1397739897,18.3,51,,,,3164
29,1397739897,17.7,,,,,3060
2,1397740197,21.3,49,96,1,0,
3,1397740197,17.4,57,92,,0,
4,1397740197,19.3,48,91,,0,
27,1397740197,25.5,,100,,,3094
28,1397740197,18.3,52,,,,3164
29,1397740198,17.8,,,,,3060
2,1397740497,21.3,49,96,0,0,
3,1397740497,17.4,57,92,,0,
4,1397740499,19.4,48,91,,0,
27,1397740499,25.5,,100,,,3094
28,1397740499,18.3,52,,,,3164
29,1397740499,17.8,,,,,3060
2,1397740797,21.3,49,96,0,0,
3,1397740797,17.4,57,92,,0,
4,1397740797,19.4,48,91,,0,
27,1397740797,25.6,,100,,,3094
28,1397740797,18.3,52,,,,3164
29,1397740797,17.9,,,,,3060
2,1397741097,21.4,49,96,0,0,
3,1397741097,17.4,57,92,,0,
4,1397741099,19.4,48,91,,0,
27,1397741099,25.6,,100,,,3094
28,1397741099,18.3,52,,,,3164
29,1397741099,17.9,,,,,3060
2,1397741397,21.4,49,96,0,0,
3,1397741397,17.4,57,92,,0,
4,1397741398,19.4,49,91,,0,
27,1397741398,25.7,,100,,,3094
28,1397741398,18.3,53,,,,3164
29,1397741398,18.0,,,,,3060
2,1397741697,21.5,49,96,0,0,
3,1397741697,17.4,57,92,,0,
4,1397741700,19.4,49,91,,0,
27,1397741700,25.8,,100,,,3094
28,1397741700,18.3,53,,,,3164
29,1397741700,18.1,,,,,3060
2,1397741997,21.5,49,96,0,0,
3,1397741997,17.4,57,92,,0,
4,1397741998,19.4,49,91,,0,
27,1397741999,25.8,,100,,,3094
28,1397741999,18.3,53,,,,3164
29,1397741999,18.1,,,,,3060
2,1397742297,21.6,49,96,1,0,
3,1397742297,17.4,57,92,,0,
4,1397742297,19.3,50,91,,0,
27,1397742297,25.9,,100,,,3094
28,1397742297,18.4,49,,,,3164
29,1397742297,18.1,,,,,3060
2,1397742597,21.6,49,96,0,0,
3,1397742597,17.4,57,92,,0,
4,1397742597,19.3,51,91,,0,
27,1397742597,26.0,,100,,,3094
28,1397742597,18.4,49,,,,3164
29,1397742597,18.2,,,,,3060
2,1397742897,21.7,49,96,0,0,
3,1397742897,17.5,57,92,,0,
4,1397742901,19.4,51,91,,0,
27,1397742901,26.0,,100,,,3094
28,1397742901,18.4,49,,,,3164
29,1397742902,18.2,,,,,3060
2,1397743197,21.7,49,95,0,0,
3,1397743197,17.6,57,92,,0,
4,1397743197,19.3,51,91,,0,
27,1397743197,26.1,,100,,,3094
28,1397743197,18.5,48,,,,3164
29,1397743197,18.3,,,,,3060
2,1397743497,21.7,49,95,0,0,
3,1397743497,17.6,57,92,,0,
4,1397743498,19.3,51,91,,0,
27,1397743498,26.1,,100,,,3094
28,1397743498,18.5,48,,,,3164
29,1397743498,18.3,,,,,3060
2,1397743797,21.7,49,95,0,0,
3,1397743797,17.6,57,92,,0,
4,1397743798,19.4,51,91,,0,
27,1397743798,26.1,,100,,,3094
28,1397743798,18.5,48,,,,3164
29,1397743798,18.5,,,,,3060
2,1397744097,21.8,49,95,0,0,
3,1397744097,17.7,57,92,,0,
4,1397744097,19.3,50,91,,0,
27,1397744097,25.6,,100,,,3094
28,1397744097,18.6,47,,,,3164
29,1397744097,18.5,,,,,3060
2,1397744397,21.7,49,95,0,0,
3,1397744397,17.8,57,92,,0,
4,1397744398,19.4,49,91,,0,
27,1397744398,25.3,,100,,,3094
28,1397744398,18.6,46,,,,3164
29,1397744398,18.6,,,,,3060
2,1397744697,21.7,49,95,0,0,
3,1397744697,17.8,57,92,,0,
4,1397744699,19.3,49,91,,0,
27,1397744699,25.4,,100,,,3094
28,1397744699,18.6,46,,,,3164
29,1397744699,18.6,,,,,3060
2,1397744997,21.7,48,95,1,0,
3,1397744997,17.8,57,92,,0,
4,1397744998,19.3,49,91,,0,
27,1397744998,25.1,,100,,,3094
28,1397744998,18.6,45,,,,3164
29,1397744998,18.8,,,,,3060
2,1397745297,21.7,48,95,0,0,
3,1397745297,17.9,57,92,,0,
4,1397745298,19.3,48,91,,0,
27,1397745298,25.5,,100,,,3094
28,1397745298,18.6,44,,,,3164
29,1397745298,18.8,,,,,3060
2,1397745597,21.7,48,94,0,0,
3,1397745597,17.9,57,92,,0,
4,1397745599,19.3,48,91,,0,
27,1397745599,25.8,,100,,,3094
28,1397745599,18.7,44,,,,3164
29,1397745599,19.0,,,,,3060
2,1397745897,21.7,48,94,1,0,
3,1397745897,17.9,57,92,,0,
4,1397745897,19.4,48,91,,0,
27,1397745897,25.9,,100,,,3094
28,1397745897,18.7,44,,,,3164
29,1397745897,19.0,,,,,3060
2,1397746197,21.7,48,94,0,0,
3,1397746197,17.9,57,92,,0,
4,1397746197,19.3,48,91,,0,
27,1397746197,26.0,,100,,,3094
28,1397746197,18.7,44,,,,3164
29,1397746197,19.1,,,,,3060
2,1397746497,21.7,48,94,0,0,
3,1397746497,18.0,57,91,,0,
4,1397746498,19.3,48,91,,0,
27,1397746498,26.0,,100,,,3094
28,1397746498,18.8,44,,,,3164
29,1397746498,19.2,,,,,3060
2,1397746797,21.7,48,94,0,0,
3,1397746797,18.0,57,91,,0,
4,1397746798,19.4,48,91,,0,
27,1397746798,26.1,,100,,,3094
28,1397746798,18.8,44,,,,3164
29,1397746798,19.3,,,,,3060
2,1397747097,21.7,48,93,0,0,
3,1397747097,18.0,57,91,,0,
4,1397747099,19.3,48,91,,0,
27,1397747099,26.2,,100,,,3094
28,1397747099,18.8,44,,,,3164
29,1397747099,19.5,,,,,3060
2,1397747397,21.6,48,92,0,0,
3,1397747397,18.1,57,91,,0,
4,1397747398,19.3,47,91,,0,
27,1397747398,26.3,,100,,,3094
28,1397747398,18.8,43,,,,3164
29,1397747398,19.6,,,,,3060
2,1397747697,21.6,48,92,0,0,
3,1397747697,18.1,57,91,,0,
4,1397747699,19.3,48,91,,0,
27,1397747699,26.4,,100,,,3094
28,1397747699,18.8,44,,,,3164
29,1397747699,19.7,,,,,3060
2,1397747997,21.6,48,92,0,0,
3,1397747997,18.1,57,91,,0,
4,1397747997,19.4,48,91,,0,
27,1397747997,26.1,,100,,,3094
28,1397747997,18.8,43,,,,3164
29,1397747997,19.7,,,,,3060
2,1397748297,21.6,48,91,0,0,
3,1397748297,18.1,57,91,,0,
4,1397748297,19.4,48,91,,0,
27,1397748297,26.3,,100,,,3094
28,1397748297,18.8,43,,,,3164
29,1397748297,19.9,,,,,3060
2,1397748597,21.5,48,91,1,0,
3,1397748597,18.1,57,91,,0,
4,1397748599,19.3,47,91,,0,
27,1397748599,26.5,,100,,,3094
28,1397748599,18.8,43,,,,3164
29,1397748599,20.0,,,,,3060
2,1397748897,21.5,48,91,0,0,
3,1397748897,18.1,57,91,,0,
4,1397748899,19.4,46,91,,0,
27,1397748899,26.6,,100,,,3094
28,1397748900,18.8,42,,,,3164
29,1397748900,20.1,,,,,3060
2,1397749197,21.5,47,90,1,0,
3,1397749197,18.1,57,91,,0,
4,1397749198,19.4,48,91,,0,
27,1397749198,26.6,,100,,,3094
28,1397749198,18.9,44,,,,3164
29,1397749198,20.3,,,,,3060
2,1397749497,21.5,47,90,0,0,
3,1397749497,18.1,57,91,,0,
4,1397749498,19.4,48,91,,0,
27,1397749498,26.6,,100,,,3094
28,1397749498,19.0,46,,,,3164
29,1397749498,20.4,,,,,3060
2,1397749797,21.4,47,90,1,0,
3,1397749797,18.0,56,91,,0,
4,1397749797,19.4,47,91,,0,
27,1397749797,26.3,,100,,,3094
28,1397749797,19.0,47,,,,3164
29,1397749797,20.5,,,,,3060
2,1397750097,21.4,47,89,0,0,
3,1397750097,18.0,56,91,,0,
4,1397750098,19.4,46,91,,0,
27,1397750098,26.3,,100,,,3094
28,1397750098,19.0,48,,,,3164
29,1397750098,20.7,,,,,3060
2,1397750397,21.4,47,89,0,0,
3,1397750397,18.0,56,91,,0,
4,1397750397,19.3,46,91,,0,
27,1397750397,26.4,,100,,,3094
28,1397750398,19.0,49,,,,3164
29,1397750398,20.8,,,,,3060
2,1397750697,21.4,47,89,0,0,
3,1397750697,18.0,56,91,,0,
4,1397750697,19.3,47,91,,0,
27,1397750697,26.5,,100,,,3094
28,1397750698,19.1,50,,,,3164
29,1397750698,21.0,,,,,3060
2,1397750997,21.3,47,89,0,0,
3,1397750997,18.0,56,91,,0,
4,1397750997,19.3,48,91,,0,
27,1397750997,26.6,,100,,,3103
28,1397750997,19.1,51,,,,3164
29,1397750997,21.1,,,,,3060
2,1397751297,21.3,48,89,1,0,
3,1397751297,17.9,56,91,,0,
4,1397751297,19.3,49,90,,0,
27,1397751297,26.6,,100,,,3094
28,1397751297,19.1,51,,,,3164
29,1397751297,21.1,,,,,3060
2,1397751597,21.3,48,87,0,0,
3,1397751597,17.9,56,90,,0,
4,1397751598,19.3,49,90,,0,
27,1397751599,26.6,,100,,,3094
28,1397751599,19.1,52,,,,3164
29,1397751599,21.1,,,,,3060
2,1397751897,21.3,48,86,1,0,
3,1397751897,17.9,56,89,,0,
4,1397751898,19.4,50,90,,0,
27,1397751898,26.6,,100,,,3094
28,1397751898,19.2,52,,,,3164
29,1397751898,21.2,,,,,3060
2,1397752197,21.3,48,89,1,0,
3,1397752197,17.9,56,90,,0,
4,1397752197,19.3,50,90,,0,
27,1397752197,26.6,,100,,,3094
28,1397752197,19.2,52,,,,3164
29,1397752197,21.2,,,,,3060
2,1397752497,21.3,48,89,1,0,
3,1397752497,17.9,56,90,,0,
4,1397752497,19.3,51,90,,0,
27,1397752498,26.6,,100,,,3094
28,1397752498,19.2,50,,,,3164
29,1397752498,21.3,,,,,3060
2,1397752797,21.3,48,89,0,0,
3,1397752797,17.9,56,90,,0,
4,1397752797,19.4,51,90,,0,
27,1397752797,26.5,,100,,,3094
28,1397752797,19.1,49,,,,3164
29,1397752797,21.3,,,,,3060
2,1397753097,21.3,48,89,1,0,
3,1397753097,17.8,56,90,,0,
4,1397753097,19.4,52,89,,0,
27,1397753097,26.5,,100,,,3094
28,1397753097,19.1,48,,,,3164
29,1397753097,21.4,,,,,3060
2,1397753397,21.3,48,85,1,0,
3,1397753397,17.8,56,87,,0,
4,1397753398,19.4,52,88,,0,
27,1397753398,26.4,,100,,,3094
28,1397753398,19.1,48,,,,3164
29,1397753398,21.4,,,,,3060
2,1397753697,21.3,48,87,0,0,
3,1397753697,17.8,56,88,,0,
4,1397753698,19.4,52,89,,0,
27,1397753698,26.4,,100,,,3094
28,1397753698,19.1,48,,,,3164
29,1397753699,21.4,,,,,3060
2,1397753997,21.3,49,87,0,0,
3,1397753997,17.8,56,89,,0,
4,1397753998,19.3,53,90,,0,
27,1397753998,26.3,,100,,,3094
28,1397753998,19.0,48,,,,3164
29,1397753998,21.5,,,,,3060
2,1397754297,21.3,49,87,0,0,
3,1397754297,17.8,56,89,,0,
4,1397754298,19.4,54,89,,0,
27,1397754298,26.3,,100,,,3094
28,1397754298,19.1,49,,,,3164
29,1397754298,21.5,,,,,3060
2,1397754597,21.3,49,87,0,0,
3,1397754597,17.8,56,89,,0,
4,1397754597,19.4,55,89,,0,
27,1397754597,26.3,,100,,,3094
28,1397754598,19.1,50,,,,3164
29,1397754598,21.6,,,,,3060
2,1397754897,21.3,49,86,0,0,
3,1397754897,17.7,56,88,,0,
4,1397754898,19.4,55,89,,0,
27,1397754898,26.3,,100,,,3094
28,1397754898,19.1,51,,,,3164
29,1397754898,21.6,,,,,3060
2,1397755197,21.3,49,84,1,0,
3,1397755197,17.7,56,88,,0,
4,1397755198,19.4,55,89,,0,
27,1397755198,26.2,,100,,,3094
28,1397755198,19.1,51,,,,3164
29,1397755198,21.7,,,,,3060
2,1397755497,21.3,49,82,1,0,
3,1397755497,17.8,56,87,,0,
4,1397755497,19.4,55,88,,0,
27,1397755498,26.1,,100,,,3094
28,1397755498,19.1,51,,,,3164
29,1397755498,21.7,,,,,3060
2,1397755797,21.3,49,83,1,0,
3,1397755797,17.7,56,87,,0,
4,1397755798,19.4,55,89,,0,
27,1397755798,26.1,,100,,,3094
28,1397755798,19.1,51,,,,3164
29,1397755799,21.7,,,,,3060
2,1397756097,21.3,49,83,1,0,
3,1397756097,17.7,56,87,,0,
4,1397756098,19.4,55,89,,0,
27,1397756098,26.0,,100,,,3094
28,1397756098,19.1,51,,,,3164
29,1397756098,21.8,,,,,3060
2,1397756397,21.3,49,81,0,0,
3,1397756397,17.7,56,86,,0,
4,1397756397,19.4,54,87,,0,
27,1397756397,26.0,,99,,,3094
28,1397756397,19.0,52,,,,3164
29,1397756397,21.7,,,,,3060
2,1397756697,21.3,49,81,0,0,
3,1397756697,17.7,56,86,,0,
4,1397756698,19.4,55,88,,0,
27,1397756698,26.0,,99,,,3094
28,1397756698,19.0,52,,,,3164
29,1397756698,21.6,,,,,3060
2,1397756997,21.3,49,81,0,0,
3,1397756997,17.7,56,85,,0,
4,1397756998,19.4,55,87,,0,
27,1397756998,25.9,,99,,,3094
28,1397756998,19.0,50,,,,3164
29,1397756999,21.5,,,,,3060
2,1397757297,21.2,49,79,1,0,
3,1397757297,17.7,56,85,,0,
4,1397757297,19.3,54,45,,0,
27,1397757297,25.8,,99,,,3094
28,1397757297,19.0,51,,,,3164
29,1397757297,21.4,,,,,3060
2,1397757597,21.2,49,77,0,0,
3,1397757597,17.6,56,83,,0,
4,1397757598,19.3,54,44,,0,
27,1397757598,25.8,,98,,,3094
28,1397757598,19.0,51,,,,3164
29,1397757598,21.3,,,,,3060
2,1397757897,21.2,49,73,0,0,
3,1397757897,17.6,56,83,,0,
4,1397757897,19.3,54,41,,0,
27,1397757897,25.7,,98,,,3094
28,1397757897,19.0,51,,,,3164
29,1397757897,21.1,,,,,3060
2,1397758197,21.1,49,71,0,0,
3,1397758197,17.6,56,81,,0,
4,1397758198,19.4,54,40,,0,
27,1397758198,25.6,,100,,,3094
28,1397758198,19.0,51,,,,3164
29,1397758198,21.1,,,,,3060
2,1397758497,21.1,49,66,0,0,
3,1397758497,17.6,56,80,,0,
4,1397758498,19.3,54,39,,0,
27,1397758498,25.7,,100,,,3094
28,1397758498,19.0,51,,,,3164
29,1397758498,21.0,,,,,3060
2,1397758797,21.1,49,62,0,0,
3,1397758797,17.6,56,79,,0,
4,1397758799,19.3,55,38,,0,
27,1397758799,25.7,,100,,,3094
28,1397758799,18.9,51,,,,3164
29,1397758799,20.9,,,,,3060
2,1397759097,21.0,49,58,0,0,
3,1397759097,17.6,56,78,,0,
4,1397759098,19.3,55,37,,0,
27,1397759098,25.6,,100,,,3094
28,1397759098,18.9,51,,,,3164
29,1397759099,20.8,,,,,3060
2,1397759397,21.0,49,55,1,0,
3,1397759397,17.6,56,76,,0,
4,1397759397,19.3,55,36,,0,
27,1397759397,25.7,,100,,,3103
28,1397759397,18.9,51,,,,3164
29,1397759398,20.6,,,,,3060
2,1397759697,21.0,49,55,0,0,
3,1397759697,17.6,56,72,,0,
4,1397759697,19.3,55,35,,0,
27,1397759697,25.7,,100,,,3094
28,1397759697,18.9,51,,,,3164
29,1397759697,20.6,,,,,3060
2,1397759997,20.9,49,51,0,0,
3,1397759997,17.6,56,72,,0,
4,1397759998,19.3,55,34,,0,
27,1397759998,25.6,,100,,,3094
28,1397759998,18.9,50,,,,3164
29,1397759998,20.5,,,,,3060
2,1397760297,20.9,49,45,0,0,
3,1397760297,17.5,56,69,,0,
4,1397760298,19.3,55,35,,0,
27,1397760298,25.6,,100,,,3094
28,1397760298,18.8,50,,,,3164
29,1397760298,20.5,,,,,3060
2,1397760597,20.8,49,39,0,0,
3,1397760597,17.5,56,64,,0,
4,1397760598,19.3,55,7,,0,
27,1397760598,25.6,,100,,,3094
28,1397760598,18.8,50,,,,3164
29,1397760598,20.5,,,,,3060
2,1397760897,20.8,49,0,0,0,
3,1397760897,17.5,56,57,,0,
4,1397760897,19.3,55,5,,0,
27,1397760897,25.6,,100,,,3094
28,1397760897,18.8,51,,,,3164
29,1397760897,20.3,,,,,3060
2,1397761197,20.7,49,0,1,0,
3,1397761197,17.5,56,47,,0,
4,1397761198,19.3,55,3,,0,
27,1397761198,25.6,,100,,,3094
28,1397761198,18.8,50,,,,3164
29,1397761198,20.2,,,,,3060
2,1397761497,20.7,49,0,0,0,
3,1397761497,17.5,56,38,,0,
4,1397761497,19.3,55,2,,0,
27,1397761497,25.6,,100,,,3094
28,1397761497,18.8,50,,,,3164
29,1397761497,20.1,,,,,3060
2,1397761797,20.7,49,0,0,0,
3,1397761797,17.4,56,29,,0,
4,1397761798,19.3,54,1,,0,
27,1397761798,25.6,,100,,,3094
28,1397761798,18.7,50,,,,3164
29,1397761798,20.1,,,,,3060
2,1397762097,20.6,49,0,0,0,
3,1397762097,17.4,56,20,,0,
4,1397762098,19.2,55,0,,0,
27,1397762098,25.6,,100,,,3094
28,1397762098,18.7,50,,,,3164
29,1397762098,20.0,,,,,3060
2,1397762397,20.6,49,0,0,0,
3,1397762397,17.4,56,11,,0,
4,1397762398,19.2,55,0,,0,
27,1397762398,25.6,,100,,,3094
28,1397762398,18.7,50,,,,3164
29,1397762398,19.9,,,,,3060
2,1397762697,20.5,49,0,0,0,
3,1397762697,17.4,56,5,,0,
4,1397762699,19.2,55,0,,0,
27,1397762699,25.5,,100,,,3094
28,1397762699,18.6,50,,,,3164
29,1397762699,19.9,,,,,3060
2,1397762997,20.5,49,0,0,0,
3,1397762997,17.4,56,2,,0,
4,1397762997,19.2,54,0,,0,
27,1397762997,25.5,,100,,,3094
28,1397762997,18.6,50,,,,3164
29,1397762997,19.8,,,,,3060
2,1397763297,20.4,49,0,0,0,
3,1397763297,17.4,56,1,,0,
4,1397763298,19.2,54,0,,0,
27,1397763298,25.5,,100,,,3094
28,1397763298,18.6,50,,,,3164
29,1397763298,19.8,,,,,3060
2,1397763597,20.4,49,0,0,0,
3,1397763597,17.4,56,10,,0,
4,1397763597,19.1,55,0,,0,
27,1397763597,25.4,,100,,,3094
28,1397763597,18.6,52,,,,3164
29,1397763597,19.8,,,,,3060
2,1397763897,20.3,49,0,0,0,
3,1397763897,17.4,56,10,,0,
4,1397763898,19.1,55,0,,0,
27,1397763898,25.3,,82,,,3094
28,1397763898,18.6,52,,,,3164
29,1397763898,19.7,,,,,3060
2,1397764197,20.3,49,0,0,0,
3,1397764197,17.4,56,72,,0,
4,1397764197,19.1,55,0,,0,
27,1397764197,25.1,,81,,,3094
28,1397764197,18.6,52,,,,3164
29,1397764197,19.6,,,,,3060
2,1397764497,20.3,49,0,0,0,
3,1397764497,17.4,56,72,,0,
4,1397764497,19.1,56,0,,0,
27,1397764497,25.0,,83,,,3094
28,1397764497,18.5,52,,,,3164
29,1397764497,19.6,,,,,3060
2,1397764797,20.2,49,3,0,0,
3,1397764797,17.5,56,72,,0,
4,1397764798,19.1,56,0,,0,
27,1397764798,25.0,,83,,,3094
28,1397764798,18.5,52,,,,3164
29,1397764798,19.5,,,,,3060
2,1397765097,20.2,49,59,0,0,
3,1397765097,17.5,56,72,,0,
4,1397765099,19.0,56,0,,0,
27,1397765099,24.9,,81,,,3094
28,1397765099,18.5,52,,,,3164
29,1397765099,19.5,,,,,3060
2,1397765397,20.1,49,58,1,0,
3,1397765397,17.5,56,72,,0,
4,1397765397,19.0,57,0,,0,
27,1397765397,24.8,,81,,,3094
28,1397765397,18.5,52,,,,3164
29,1397765397,19.5,,,,,3060
2,1397765697,20.1,49,0,1,0,
3,1397765697,17.5,56,72,,0,
4,1397765697,19.0,56,0,,0,
27,1397765697,24.6,,80,,,3094
28,1397765697,18.5,52,,,,3164
29,1397765697,19.4,,,,,3060
2,1397765997,20.1,49,0,0,0,
3,1397765997,17.5,56,72,,0,
4,1397765998,19.0,57,0,,0,
27,1397765998,24.6,,82,,,3094
28,1397765998,18.5,53,,,,3164
29,1397765998,19.3,,,,,3060
2,1397766297,20.1,49,0,0,0,
3,1397766297,17.5,56,73,,0,
4,1397766298,19.0,57,0,,0,
27,1397766298,24.5,,80,,,3094
28,1397766298,18.5,52,,,,3164
29,1397766298,19.3,,,,,3060
2,1397766597,20.1,49,0,0,0,
3,1397766597,17.6,56,72,,0,
4,1397766598,19.0,57,0,,0,
27,1397766598,24.4,,80,,,3094
28,1397766598,18.5,52,,,,3164
29,1397766598,19.3,,,,,3060
2,1397766897,20.0,49,0,0,0,
3,1397766897,17.6,56,73,,0,
4,1397766899,19.0,57,0,,0,
27,1397766899,24.3,,81,,,3094
28,1397766899,18.5,52,,,,3164
29,1397766899,19.3,,,,,3060
2,1397767197,20.0,49,0,0,0,
3,1397767197,17.6,56,72,,0,
4,1397767198,19.0,57,0,,0,
27,1397767198,24.1,,83,,,3094
28,1397767198,18.4,52,,,,3164
29,1397767198,19.3,,,,,3060
2,1397767497,20.0,49,0,0,0,
3,1397767497,17.6,56,72,,0,
4,1397767498,19.0,56,0,,0,
27,1397767498,24.1,,81,,,3094
28,1397767498,18.4,52,,,,3164
29,1397767498,19.3,,,,,3060
2,1397767797,19.9,49,0,0,0,
3,1397767797,17.7,56,72,,0,
4,1397767797,18.9,57,0,,0,
27,1397767797,24.0,,83,,,3094
28,1397767797,18.4,52,,,,3164
29,1397767797,19.3,,,,,3060
2,1397768097,19.9,49,0,0,0,
3,1397768097,17.7,56,0,,0,
4,1397768097,18.9,56,0,,0,
27,1397768097,23.9,,82,,,3094
28,1397768097,18.4,52,,,,3164
29,1397768097,19.3,,,,,3060
2,1397768397,19.8,49,0,0,0,
3,1397768397,17.7,56,0,,0,
4,1397768397,18.9,56,0,,0,
27,1397768397,23.8,,81,,,3094
28,1397768397,18.4,52,,,,3164
29,1397768397,19.3,,,,,3060
2,1397768697,19.8,49,0,0,0,
3,1397768697,17.8,56,0,,0,
4,1397768698,18.9,56,0,,0,
27,1397768698,23.7,,82,,,3094
28,1397768698,18.4,52,,,,3164
29,1397768698,19.3,,,,,3060
2,1397768997,19.8,49,0,1,0,
3,1397768997,17.8,56,0,,0,
4,1397768998,18.9,57,0,,0,
27,1397768998,23.7,,83,,,3094
28,1397768998,18.4,52,,,,3164
29,1397768998,19.2,,,,,3060
2,1397769297,19.8,49,0,0,0,
3,1397769297,17.8,56,0,,0,
4,1397769297,18.9,57,0,,0,
27,1397769297,23.6,,80,,,3094
28,1397769297,18.4,52,,,,3164
29,1397769297,19.2,,,,,3060
2,1397769597,19.7,49,0,0,0,
3,1397769597,17.8,56,0,,0,
4,1397769598,18.9,57,0,,0,
27,1397769598,23.5,,83,,,3094
28,1397769598,18.3,51,,,,3164
29,1397769598,19.3,,,,,3060
2,1397769897,19.7,49,0,0,0,
3,1397769897,17.7,56,0,,0,
4,1397769898,18.9,57,0,,0,
27,1397769899,23.5,,81,,,3094
28,1397769899,18.3,51,,,,3164
29,1397769899,19.3,,,,,3060
2,1397770197,19.6,49,0,0,0,
3,1397770197,17.8,56,0,,0,
4,1397770198,18.8,57,0,,0,
27,1397770198,23.3,,81,,,3094
28,1397770198,18.3,51,,,,3164
29,1397770198,19.3,,,,,3060
2,1397770497,19.6,49,0,0,0,
3,1397770497,17.8,56,0,,0,
4,1397770497,18.8,57,0,,0,
27,1397770497,23.3,,80,,,3094
28,1397770497,18.3,51,,,,3164
29,1397770497,19.1,,,,,3060
2,1397770797,19.6,49,0,0,0,
3,1397770797,17.8,56,0,,0,
4,1397770798,18.8,57,0,,0,
27,1397770798,23.2,,81,,,3094
28,1397770798,18.3,51,,,,3164
29,1397770798,19.1,,,,,3060
2,1397771097,19.5,49,0,0,0,
3,1397771097,17.7,56,0,,0,
4,1397771098,18.8,57,0,,0,
27,1397771098,23.2,,81,,,3094
28,1397771098,18.3,51,,,,3164
29,1397771098,19.0,,,,,3060
2,1397771397,19.5,49,0,0,0,
3,1397771397,17.8,56,0,,0,
4,1397771398,18.8,57,0,,0,
27,1397771398,23.1,,80,,,3094
28,1397771398,18.3,52,,,,3164
29,1397771398,19.0,,,,,3060
2,1397771697,19.5,50,0,0,0,
3,1397771697,17.8,56,0,,0,
4,1397771697,18.8,57,0,,0,
27,1397771697,23.0,,83,,,3094
28,1397771697,18.3,52,,,,3164
29,1397771697,19.0,,,,,3060
2,1397771997,19.4,50,0,0,0,
3,1397771997,17.8,56,0,,0,
4,1397771998,18.8,57,0,,0,
27,1397771998,23.0,,80,,,3094
28,1397771998,18.3,52,,,,3164
29,1397771998,19.0,,,,,3060
2,1397772297,19.4,50,0,1,0,
3,1397772297,17.8,56,0,,0,
4,1397772298,18.7,57,0,,0,
27,1397772298,22.9,,80,,,3094
28,1397772298,18.3,52,,,,3164
29,1397772298,18.9,,,,,3060
2,1397772597,19.4,50,0,0,0,
3,1397772597,17.7,56,0,,0,
4,1397772598,18.7,57,0,,0,
27,1397772598,22.8,,80,,,3094
28,1397772598,18.3,52,,,,3164
29,1397772598,18.9,,,,,3060
2,1397772897,19.4,50,0,0,0,
3,1397772897,17.8,56,0,,0,
4,1397772898,18.7,57,0,,0,
27,1397772898,22.8,,82,,,3094
28,1397772898,18.3,52,,,,3164
29,1397772898,18.9,,,,,3060
2,1397773197,19.3,50,0,0,0,
3,1397773197,17.8,56,0,,0,
4,1397773198,18.7,57,0,,0,
27,1397773198,22.7,,83,,,3094
28,1397773199,18.3,52,,,,3164
29,1397773199,18.9,,,,,3060
2,1397773497,19.3,50,0,0,0,
3,1397773497,17.7,56,0,,0,
4,1397773498,18.6,57,0,,0,
27,1397773498,22.6,,83,,,3094
28,1397773498,18.3,52,,,,3164
29,1397773499,18.9,,,,,3060
2,1397773797,19.3,50,0,0,0,
3,1397773797,17.7,56,0,,0,
4,1397773798,18.6,57,0,,0,
27,1397773798,22.6,,80,,,3094
28,1397773798,18.3,52,,,,3164
29,1397773798,18.8,,,,,3060
2,1397774097,19.2,50,0,0,0,
3,1397774097,17.7,56,0,,0,
4,1397774098,18.6,57,0,,0,
27,1397774098,22.5,,80,,,3094
28,1397774098,18.3,52,,,,3164
29,1397774098,18.8,,,,,3060
2,1397774397,19.2,50,0,0,0,
3,1397774397,17.7,56,0,,0,
4,1397774398,18.6,57,0,,0,
27,1397774398,22.5,,80,,,3094
28,1397774398,18.3,52,,,,3164
29,1397774398,18.7,,,,,3060
2,1397774697,19.2,50,0,0,0,
3,1397774697,17.7,56,0,,0,
4,1397774698,18.6,57,0,,0,
27,1397774698,22.5,,80,,,3094
28,1397774698,18.3,52,,,,3164
29,1397774698,18.7,,,,,3060
2,1397774997,19.1,50,0,0,0,
3,1397774997,17.7,56,0,,0,
4,1397774998,18.5,57,0,,0,
27,1397774998,22.3,,80,,,3094
28,1397774998,18.1,52,,,,3164
29,1397774998,18.6,,,,,3060
2,1397775297,19.1,50,0,0,0,
3,1397775297,17.7,56,0,,0,
4,1397775297,18.5,57,0,,0,
27,1397775297,22.3,,80,,,3094
28,1397775298,18.1,52,,,,3164
29,1397775298,18.6,,,,,3060
2,1397775597,19.1,50,0,0,0,
3,1397775597,17.7,56,0,,0,
4,1397775598,18.5,58,0,,0,
27,1397775598,22.3,,80,,,3094
28,1397775598,18.0,52,,,,3164
29,1397775598,18.6,,,,,3060
2,1397775897,19.0,50,0,1,0,
3,1397775897,17.6,56,0,,0,
4,1397775897,18.5,58,0,,0,
27,1397775897,22.2,,81,,,3094
28,1397775897,18.1,52,,,,3164
29,1397775897,18.6,,,,,3060
2,1397776197,19.0,50,0,0,0,
3,1397776197,17.6,56,0,,0,
4,1397776198,18.5,58,0,,0,
27,1397776198,22.1,,81,,,3094
28,1397776198,18.0,52,,,,3164
29,1397776198,18.6,,,,,3060
2,1397776497,19.0,50,0,0,0,
3,1397776497,17.6,56,0,,0,
4,1397776498,18.5,58,0,,0,
27,1397776498,22.1,,83,,,3094
28,1397776498,18.0,52,,,,3164
29,1397776498,18.6,,,,,3060
2,1397776797,19.0,50,0,0,0,
3,1397776797,17.6,56,0,,0,
4,1397776797,18.5,58,0,,0,
27,1397776797,22.0,,82,,,3094
28,1397776797,18.0,53,,,,3164
29,1397776797,18.6,,,,,3060
2,1397777097,19.0,50,0,0,0,
3,1397777097,17.6,56,0,,0,
4,1397777097,18.5,58,0,,0,
27,1397777097,22.0,,83,,,3094
28,1397777097,18.0,53,,,,3164
29,1397777098,18.6,,,,,3060
2,1397777397,18.9,50,0,0,0,
3,1397777397,17.6,56,0,,0,
4,1397777397,18.5,58,0,,0,
27,1397777397,22.0,,83,,,3094
28,1397777397,18.0,53,,,,3164
29,1397777397,18.6,,,,,3060
2,1397777697,18.9,50,0,0,0,
3,1397777697,17.7,56,0,,0,
4,1397777698,18.5,59,0,,0,
27,1397777698,21.9,,81,,,3094
28,1397777698,18.0,53,,,,3164
29,1397777698,18.6,,,,,3060
2,1397777997,18.9,50,0,0,0,
3,1397777997,17.6,56,0,,0,
4,1397777998,18.5,58,0,,0,
27,1397777998,21.8,,83,,,3094
28,1397777998,18.0,53,,,,3164
29,1397777998,18.6,,,,,3060
2,1397778297,18.9,50,0,0,0,
3,1397778297,17.7,56,0,,0,
4,1397778299,18.5,58,0,,0,
27,1397778299,21.8,,82,,,3094
28,1397778299,17.9,53,,,,3164
29,1397778299,18.6,,,,,3060
2,1397778597,18.8,50,0,0,0,
3,1397778597,17.6,56,0,,0,
4,1397778598,18.5,58,0,,0,
27,1397778598,21.8,,81,,,3094
28,1397778598,17.9,53,,,,3164
29,1397778598,18.6,,,,,3060
2,1397778897,18.8,50,0,0,0,
3,1397778897,17.7,56,0,,0,
4,1397778897,18.4,58,0,,0,
27,1397778897,21.7,,80,,,3094
28,1397778897,17.9,53,,,,3164
29,1397778898,18.6,,,,,3060
2,1397779197,18.8,50,0,0,0,
3,1397779197,17.7,56,0,,0,
4,1397779198,18.4,58,0,,0,
27,1397779198,21.6,,81,,,3094
28,1397779198,17.9,53,,,,3164
29,1397779198,18.6,,,,,3060
2,1397779497,18.8,50,0,0,0,
3,1397779497,17.7,56,0,,0,
4,1397779497,18.4,58,0,,0,
27,1397779497,21.6,,83,,,3094
28,1397779497,17.9,53,,,,3164
29,1397779497,18.7,,,,,3060
2,1397779797,18.8,50,0,0,0,
3,1397779797,17.7,56,0,,0,
4,1397779798,18.4,58,0,,0,
27,1397779798,21.5,,83,,,3094
28,1397779798,17.9,53,,,,3164
29,1397779798,18.6,,,,,3060
2,1397780097,18.7,50,0,0,0,
3,1397780097,17.6,56,0,,0,
4,1397780099,18.4,58,0,,0,
27,1397780099,21.5,,82,,,3094
28,1397780099,17.9,53,,,,3164
29,1397780099,18.6,,,,,3060
2,1397780397,18.7,50,0,0,0,
3,1397780397,17.6,56,0,,0,
4,1397780398,18.4,58,0,,0,
27,1397780398,21.5,,81,,,3094
28,1397780398,17.9,53,,,,3164
29,1397780398,18.6,,,,,3060
2,1397780697,18.7,50,0,0,0,
3,1397780697,17.6,56,0,,0,
4,1397780698,18.3,58,0,,0,
27,1397780698,21.4,,81,,,3094
28,1397780699,17.8,53,,,,3164
29,1397780699,18.5,,,,,3060
2,1397780997,18.6,50,0,0,0,
3,1397780997,17.6,56,0,,0,
4,1397780998,18.3,58,0,,0,
27,1397780998,21.4,,82,,,3094
28,1397780998,17.8,53,,,,3164
29,1397780998,18.5,,,,,3060
2,1397781297,18.6,50,0,0,0,
3,1397781297,17.6,56,0,,0,
4,1397781298,18.3,58,0,,0,
27,1397781298,21.3,,82,,,3094
28,1397781298,17.8,53,,,,3164
29,1397781298,18.5,,,,,3060
2,1397781597,18.6,50,0,0,0,
3,1397781597,17.6,56,0,,0,
4,1397781600,18.3,58,0,,0,
27,1397781600,21.3,,80,,,3094
28,1397781600,17.8,53,,,,3164
29,1397781600,18.4,,,,,3060
2,1397781897,18.6,50,0,0,0,
3,1397781897,17.6,56,0,,0,
4,1397781899,18.3,58,0,,0,
27,1397781899,21.2,,80,,,3094
28,1397781899,17.8,53,,,,3164
29,1397781899,18.4,,,,,3060
2,1397782197,18.6,50,0,0,0,
3,1397782197,17.6,56,0,,0,
4,1397782197,18.3,58,0,,0,
27,1397782197,21.2,,82,,,3094
28,1397782197,17.8,53,,,,3164
29,1397782197,18.4,,,,,3060
2,1397782497,18.5,50,0,0,0,
3,1397782497,17.6,56,0,,0,
4,1397782499,18.2,58,0,,0,
27,1397782500,21.1,,80,,,3094
28,1397782500,17.8,53,,,,3164
29,1397782500,18.4,,,,,3060
2,1397782797,18.5,50,0,0,0,
3,1397782797,17.6,56,0,,0,
4,1397782799,18.2,58,0,,0,
27,1397782800,21.1,,80,,,3094
28,1397782800,17.8,54,,,,3164
29,1397782800,18.5,,,,,3060
2,1397783097,18.5,50,0,1,0,
3,1397783097,17.6,56,0,,0,
4,1397783098,18.2,58,0,,0,
27,1397783098,21.0,,81,,,3094
28,1397783098,17.7,54,,,,3164
29,1397783098,18.4,,,,,3060
2,1397783397,18.5,50,0,0,0,
3,1397783397,17.6,56,0,,0,
4,1397783397,18.2,58,0,,0,
27,1397783397,21.0,,80,,,3094
28,1397783397,17.8,54,,,,3164
29,1397783397,18.3,,,,,3060
2,1397783697,18.5,50,0,0,0,
3,1397783697,17.6,56,0,,0,
4,1397783698,18.2,58,0,,0,
27,1397783698,21.0,,80,,,3094
28,1397783698,17.7,54,,,,3164
29,1397783698,18.3,,,,,3060
2,1397783997,18.4,50,0,0,0,
3,1397783997,17.6,56,0,,0,
4,1397783998,18.2,58,0,,0,
27,1397783998,21.0,,83,,,3094
28,1397783998,17.7,54,,,,3164
29,1397783998,18.3,,,,,3060
2,1397784297,18.4,50,0,0,0,
3,1397784297,17.6,56,0,,0,
4,1397784298,18.2,58,0,,0,
27,1397784299,21.0,,83,,,3094
28,1397784299,17.7,54,,,,3164
29,1397784299,18.3,,,,,3060
2,1397784597,18.4,50,0,0,0,
3,1397784597,17.6,56,0,,0,
4,1397784598,18.1,58,0,,0,
27,1397784598,20.9,,82,,,3094
28,1397784598,17.7,54,,,,3164
29,1397784599,18.3,,,,,3060
2,1397784897,18.4,50,0,0,0,
3,1397784897,17.5,56,0,,0,
4,1397784898,18.1,58,0,,0,
27,1397784899,20.8,,80,,,3094
28,1397784899,17.7,54,,,,3164
29,1397784899,18.2,,,,,3060
2,1397785197,18.3,50,0,0,0,
3,1397785197,17.5,56,0,,0,
4,1397785198,18.1,58,0,,0,
27,1397785198,20.8,,83,,,3094
28,1397785198,17.7,54,,,,3164
29,1397785198,18.2,,,,,3060
2,1397785497,18.3,50,0,0,0,
3,1397785497,17.5,56,0,,0,
4,1397785497,18.1,58,0,,0,
27,1397785497,20.8,,83,,,3094
28,1397785497,17.6,54,,,,3164
29,1397785500,18.2,,,,,3060
2,1397785797,18.3,50,0,0,0,
3,1397785797,17.5,56,0,,0,
4,1397785797,18.1,58,0,,0,
27,1397785797,20.8,,81,,,3094
28,1397785798,17.6,54,,,,3164
29,1397785798,18.2,,,,,3060
2,1397786097,18.3,50,0,0,0,
3,1397786097,17.5,56,0,,0,
4,1397786098,18.1,58,0,,0,
27,1397786098,20.7,,82,,,3094
28,1397786098,17.6,54,,,,3164
29,1397786098,18.2,,,,,3060
2,1397786397,18.3,50,0,1,0,
3,1397786397,17.5,56,0,,0,
4,1397786397,18.1,58,0,,0,
27,1397786397,20.6,,80,,,3094
28,1397786397,17.6,54,,,,3164
29,1397786397,18.2,,,,,3060
2,1397786697,18.3,50,0,0,0,
3,1397786697,17.5,56,0,,0,
4,1397786697,18.1,58,0,,0,
27,1397786697,20.6,,80,,,3094
28,1397786697,17.6,54,,,,3164
29,1397786697,18.1,,,,,3060
2,1397786997,18.2,50,0,0,0,
3,1397786997,17.5,56,0,,0,
4,1397786997,18.0,58,0,,0,
27,1397786997,20.6,,82,,,3094
28,1397786997,17.6,54,,,,3164
29,1397786997,18.2,,,,,3060
2,1397787297,18.2,50,0,0,0,
3,1397787297,17.5,56,0,,0,
4,1397787298,18.0,58,0,,0,
27,1397787298,20.5,,81,,,3094
28,1397787298,17.6,54,,,,3164
29,1397787298,18.2,,,,,3060
2,1397787597,18.2,50,0,0,0,
3,1397787597,17.5,56,0,,0,
4,1397787599,18.0,58,0,,0,
27,1397787599,20.5,,81,,,3094
28,1397787599,17.6,54,,,,3164
29,1397787599,18.2,,,,,3060
2,1397787897,18.2,50,0,0,0,
3,1397787897,17.5,56,0,,0,
4,1397787898,18.0,58,0,,0,
27,1397787898,20.5,,80,,,3094
28,1397787898,17.5,54,,,,3164
29,1397787898,18.2,,,,,3060
2,1397788197,18.2,51,0,0,0,
3,1397788197,17.5,56,0,,0,
4,1397788199,18.0,58,0,,0,
27,1397788200,20.4,,80,,,3094
28,1397788200,17.5,55,,,,3164
29,1397788200,18.2,,,,,3060
2,1397788497,18.1,51,0,0,0,
3,1397788497,17.5,56,0,,0,
4,1397788497,18.0,59,0,,0,
27,1397788497,20.4,,80,,,3094
28,1397788498,17.5,55,,,,3164
29,1397788498,18.3,,,,,3060
2,1397788797,18.1,51,0,0,0,
3,1397788797,17.5,56,0,,0,
4,1397788797,18.0,59,0,,0,
27,1397788797,20.3,,80,,,3094
28,1397788797,17.5,55,,,,3164
29,1397788797,18.3,,,,,3060
2,1397789097,18.1,51,0,0,0,
3,1397789097,17.5,56,0,,0,
4,1397789097,18.0,59,0,,0,
27,1397789097,20.3,,82,,,3094
28,1397789097,17.5,55,,,,3164
29,1397789097,18.3,,,,,3060
2,1397789397,18.1,51,0,0,0,
3,1397789397,17.5,56,0,,0,
4,1397789398,17.9,58,0,,0,
27,1397789398,20.3,,82,,,3094
28,1397789398,17.5,55,,,,3164
29,1397789398,18.3,,,,,3060
2,1397789697,18.1,51,0,1,0,
3,1397789697,17.4,56,0,,0,
4,1397789697,17.9,59,0,,0,
27,1397789697,20.2,,83,,,3094
28,1397789697,17.5,55,,,,3164
29,1397789697,18.2,,,,,3060
2,1397789997,18.1,51,0,0,0,
3,1397789997,17.4,56,0,,0,
4,1397789997,17.9,58,0,,0,
27,1397789997,20.2,,83,,,3094
28,1397789997,17.4,54,,,,3164
29,1397789997,18.1,,,,,3060
2,1397790297,18.0,51,0,0,0,
3,1397790297,17.4,56,0,,0,
4,1397790297,17.9,59,0,,0,
27,1397790297,20.1,,80,,,3094
28,1397790297,17.4,54,,,,3164
29,1397790297,18.1,,,,,3060
2,1397790597,18.0,51,0,0,0,
3,1397790597,17.4,56,0,,0,
4,1397790598,17.9,58,0,,0,
27,1397790598,20.1,,81,,,3094
28,1397790598,17.4,55,,,,3164
29,1397790598,18.1,,,,,3060
2,1397790897,18.0,51,0,0,0,
3,1397790897,17.4,56,0,,0,
4,1397790897,17.8,58,0,,0,
27,1397790897,20.1,,81,,,3094
28,1397790897,17.4,55,,,,3164
29,1397790897,18.0,,,,,3060
2,1397791197,18.0,51,0,0,0,
3,1397791197,17.4,56,0,,0,
4,1397791198,17.8,58,0,,0,
27,1397791198,20.0,,81,,,3094
28,1397791198,17.4,55,,,,3164
29,1397791198,18.0,,,,,3060
2,1397791497,18.0,51,0,0,0,
3,1397791497,17.4,56,0,,0,
4,1397791498,17.8,58,0,,0,
27,1397791498,20.0,,81,,,3094
28,1397791498,17.4,55,,,,3164
29,1397791498,18.0,,,,,3060
2,1397791797,17.9,51,0,0,0,
3,1397791797,17.4,56,0,,0,
4,1397791798,17.8,58,0,,0,
27,1397791798,20.0,,82,,,3094
28,1397791798,17.4,55,,,,3164
29,1397791798,18.0,,,,,3060
2,1397792097,17.9,51,0,0,0,
3,1397792097,17.4,56,0,,0,
4,1397792097,17.8,58,0,,0,
27,1397792097,19.9,,82,,,3094
28,1397792097,17.4,55,,,,3164
29,1397792097,18.0,,,,,3060
2,1397792397,17.9,51,0,0,0,
3,1397792397,17.4,56,0,,0,
4,1397792400,17.8,58,0,,0,
27,1397792400,19.9,,81,,,3094
28,1397792400,17.4,55,,,,3164
29,1397792401,18.0,,,,,3060
2,1397792697,17.9,51,0,0,0,
3,1397792697,17.4,56,0,,0,
4,1397792697,17.7,59,0,,0,
27,1397792697,19.8,,80,,,3094
28,1397792697,17.4,55,,,,3164
29,1397792697,18.0,,,,,3060
2,1397792997,17.8,51,0,0,0,
3,1397792997,17.3,56,0,,0,
4,1397792997,17.7,59,0,,0,
27,1397792997,19.8,,81,,,3094
28,1397792997,17.4,56,,,,3164
29,1397792997,18.0,,,,,3060
2,1397793297,17.8,51,0,0,0,
3,1397793297,17.4,56,0,,0,
4,1397793299,17.7,59,0,,0,
27,1397793299,19.8,,83,,,3094
28,1397793299,17.3,56,,,,3164
29,1397793299,18.0,,,,,3060
2,1397793597,17.8,51,0,0,0,
3,1397793597,17.3,56,0,,0,
4,1397793598,17.7,59,0,,0,
27,1397793598,19.7,,83,,,3094
28,1397793598,17.3,56,,,,3164
29,1397793598,17.9,,,,,3060
2,1397793897,17.8,51,0,0,0,
3,1397793897,17.3,56,0,,0,
4,1397793898,17.7,59,0,,0,
27,1397793898,19.6,,83,,,3094
28,1397793898,17.3,55,,,,3164
29,1397793898,17.9,,,,,3060
2,1397794197,17.8,51,0,0,0,
3,1397794197,17.3,56,0,,0,
4,1397794198,17.7,59,0,,0,
27,1397794198,19.6,,82,,,3094
28,1397794198,17.3,55,,,,3164
29,1397794198,17.8,,,,,3060
2,1397794497,17.8,51,0,0,0,
3,1397794497,17.3,56,0,,0,
4,1397794498,17.7,59,0,,0,
27,1397794498,19.6,,82,,,3094
28,1397794498,17.3,56,,,,3164
29,1397794498,17.8,,,,,3060
2,1397794797,17.8,51,0,0,0,
3,1397794797,17.3,57,0,,0,
4,1397794798,17.8,58,0,,0,
27,1397794798,19.6,,81,,,3094
28,1397794798,17.5,55,,,,3164
29,1397794798,17.8,,,,,3060
2,1397795097,17.8,51,0,0,0,
3,1397795097,17.4,57,0,,0,
4,1397795098,17.9,58,0,,0,
27,1397795098,19.5,,83,,,3094
28,1397795098,17.7,55,,,,3164
29,1397795098,17.8,,,,,3060
2,1397795397,17.9,51,0,0,0,
3,1397795397,17.4,57,0,,0,
4,1397795399,18.1,58,0,,0,
27,1397795399,19.5,,81,,,3094
28,1397795399,17.9,54,,,,3164
29,1397795399,17.8,,,,,3060
2,1397795697,18.0,51,0,0,0,
3,1397795697,17.5,57,0,,0,
4,1397795700,18.3,58,0,,0,
27,1397795700,19.5,,82,,,3094
28,1397795700,18.1,54,,,,3164
29,1397795700,17.8,,,,,3060
2,1397795997,18.1,51,0,0,0,
3,1397795997,17.6,57,0,,0,
4,1397795997,18.4,58,0,,0,
27,1397795997,19.5,,82,,,3094
28,1397795997,18.2,53,,,,3164
29,1397795997,17.8,,,,,3060
2,1397796297,18.2,51,0,0,0,
3,1397796297,17.7,58,0,,0,
4,1397796298,18.5,57,0,,0,
27,1397796298,19.4,,82,,,3094
28,1397796298,18.4,53,,,,3164
29,1397796298,17.8,,,,,3060
2,1397796597,18.3,51,0,1,0,
3,1397796597,17.8,58,1,,0,
4,1397796598,18.6,57,0,,0,
27,1397796598,19.4,,82,,,3094
28,1397796598,18.6,53,,,,3164
29,1397796598,17.8,,,,,3060
2,1397796897,18.3,51,0,0,0,
3,1397796897,17.9,58,1,,0,
4,1397796897,18.7,57,0,,0,
27,1397796897,19.5,,82,,,3094
28,1397796897,18.7,53,,,,3164
29,1397796897,17.8,,,,,3060
2,1397797197,18.4,52,0,0,0,
3,1397797197,18.0,58,3,,0,
4,1397797198,18.8,57,0,,0,
27,1397797198,19.4,,83,,,3094
28,1397797198,18.8,52,,,,3164
29,1397797198,17.8,,,,,3060
2,1397797497,18.5,52,0,0,0,
3,1397797497,18.1,58,5,,0,
4,1397797498,18.9,57,1,,0,
27,1397797498,19.4,,85,,,3094
28,1397797498,18.8,52,,,,3164
29,1397797498,17.8,,,,,3060
2,1397797797,18.6,52,0,0,0,
3,1397797797,18.2,58,8,,0,
4,1397797798,18.9,56,1,,0,
27,1397797799,19.4,,88,,,3094
28,1397797799,19.0,52,,,,3164
29,1397797799,17.8,,,,,3060
2,1397798097,18.7,52,0,0,0,
3,1397798097,18.3,58,9,,0,
4,1397798098,19.1,56,2,,0,
27,1397798098,19.3,,91,,,3094
28,1397798098,19.1,52,,,,3164
29,1397798098,17.8,,,,,3060
2,1397798397,18.8,52,0,0,0,
3,1397798397,18.4,58,9,,0,
4,1397798398,19.2,56,3,,0,
27,1397798398,19.3,,93,,,3094
28,1397798398,19.3,52,,,,3164
29,1397798399,17.8,,,,,3060
2,1397798697,18.8,52,0,0,0,
3,1397798697,18.5,58,11,,0,
4,1397798697,19.2,56,4,,0,
27,1397798697,19.3,,94,,,3094
28,1397798697,19.4,51,,,,3164
29,1397798697,17.8,,,,,3060
2,1397798997,18.9,52,0,0,0,
3,1397798997,18.5,58,12,,0,
4,1397798997,19.3,56,5,,0,
27,1397798997,19.3,,95,,,3094
28,1397798997,19.6,51,,,,3164
29,1397798997,17.8,,,,,3060
2,1397799297,19.0,52,0,0,0,
3,1397799297,18.5,58,12,,0,
4,1397799298,19.4,56,5,,0,
27,1397799298,19.3,,95,,,3094
28,1397799298,19.8,51,,,,3164
29,1397799298,17.8,,,,,3060
2,1397799597,19.0,52,1,0,0,
3,1397799597,18.7,58,15,,0,
4,1397799599,19.4,55,7,,0,
27,1397799599,19.3,,96,,,3094
28,1397799599,19.8,51,,,,3164
29,1397799599,17.7,,,,,3060
2,1397799897,19.1,52,2,1,0,
3,1397799897,18.7,58,24,,0,
4,1397799898,19.5,56,11,,0,
27,1397799898,19.3,,97,,,3094
28,1397799898,19.7,51,,,,3164
29,1397799898,17.7,,,,,3060
2,1397800197,19.1,52,62,0,0,
3,1397800197,18.8,58,30,,0,
4,1397800199,19.5,56,14,,0,
27,1397800199,19.3,,98,,,3094
28,1397800199,19.7,51,,,,3164
29,1397800199,17.6,,,,,3060
2,1397800497,19.2,52,62,0,0,
3,1397800497,18.8,58,80,,0,
4,1397800499,19.5,56,69,,0,
27,1397800499,19.3,,98,,,3094
28,1397800499,19.7,51,,,,3164
29,1397800499,17.6,,,,,3060
2,1397800797,19.3,52,61,0,0,
3,1397800797,18.9,58,74,,0,
4,1397800797,19.6,56,69,,0,
27,1397800797,19.3,,98,,,3094
28,1397800797,19.7,51,,,,3164
29,1397800797,17.6,,,,,3060
2,1397801097,19.3,52,61,1,0,
3,1397801097,18.9,58,74,,0,
4,1397801097,19.6,56,68,,0,
27,1397801097,19.3,,98,,,3094
28,1397801097,19.7,51,,,,3164
29,1397801097,17.6,,,,,3060
2,1397801397,19.4,52,61,0,0,
3,1397801397,18.9,58,76,,0,
4,1397801397,19.6,56,78,,0,
27,1397801397,19.3,,98,,,3094
28,1397801397,19.6,51,,,,3164
29,1397801397,17.6,,,,,3060
2,1397801697,19.4,52,61,0,0,
3,1397801697,18.9,58,78,,0,
4,1397801698,19.6,55,79,,0,
27,1397801698,19.3,,99,,,3094
28,1397801698,19.7,51,,,,3164
29,1397801698,17.6,,,,,3060
2,1397801997,19.4,52,75,0,0,
3,1397801997,18.9,58,78,,0,
4,1397801998,19.6,55,80,,0,
27,1397801998,19.3,,99,,,3094
28,1397801998,19.7,50,,,,3164
29,1397801998,17.6,,,,,3060
2,1397802297,19.4,52,67,0,0,
3,1397802297,18.9,58,79,,0,
4,1397802298,19.6,55,80,,0,
27,1397802298,19.3,,99,,,3094
28,1397802298,19.7,50,,,,3164
29,1397802298,17.6,,,,,3060
2,1397802597,19.4,52,70,0,0,
3,1397802597,18.9,58,81,,0,
4,1397802597,19.6,55,82,,0,
27,1397802597,19.3,,99,,,3094
28,1397802597,19.7,51,,,,3164
29,1397802597,17.6,,,,,3060
2,1397802897,19.5,52,69,0,0,
3,1397802897,18.9,58,80,,0,
4,1397802899,19.6,57,81,,0,
27,1397802900,19.3,,99,,,3094
28,1397802900,19.7,52,,,,3164
29,1397802900,17.5,,,,,3060
2,1397803197,19.4,52,73,0,0,
3,1397803197,18.9,58,83,,0,
4,1397803197,19.6,57,83,,0,
27,1397803197,19.3,,99,,,3094
28,1397803197,19.7,52,,,,3164
29,1397803197,17.5,,,,,3060
2,1397803497,19.4,52,75,0,0,
3,1397803497,18.8,58,85,,0,
4,1397803498,19.6,56,87,,0,
27,1397803498,19.3,,100,,,3094
28,1397803498,19.7,52,,,,3164
29,1397803498,17.5,,,,,3060
2,1397803797,19.4,52,78,1,0,
3,1397803797,18.8,57,86,,0,
4,1397803798,19.6,56,87,,0,
27,1397803798,19.3,,100,,,3094
28,1397803798,19.7,52,,,,3164
29,1397803798,17.5,,,,,3060
2,1397804097,19.4,52,80,0,0,
3,1397804097,18.8,57,87,,0,
4,1397804098,19.6,56,87,,0,
27,1397804098,19.3,,100,,,3094
28,1397804098,19.6,52,,,,3164
29,1397804098,17.5,,,,,3060
2,1397804397,19.4,52,81,0,0,
3,1397804397,18.8,57,87,,0,
4,1397804398,19.5,56,90,,0,
27,1397804400,19.5,,100,,,3094
28,1397804400,19.6,52,,,,3164
29,1397804400,17.5,,,,,3060
2,1397804697,19.4,52,82,1,0,
3,1397804697,18.8,57,87,,0,
4,1397804697,19.6,56,91,,0,
27,1397804697,19.6,,100,,,3094
28,1397804697,19.6,52,,,,3164
29,1397804697,17.5,,,,,3060
2,1397804997,19.4,52,83,0,0,
3,1397804997,18.8,57,88,,0,
4,1397804997,19.6,55,92,,0,
27,1397804997,19.6,,100,,,3094
28,1397804997,19.5,51,,,,3164
29,1397804998,17.5,,,,,3060
2,1397805297,19.3,52,85,0,0,
3,1397805297,18.7,57,90,,0,
4,1397805298,19.6,55,92,,0,
27,1397805298,19.7,,100,,,3094
28,1397805299,19.5,52,,,,3164
29,1397805299,17.5,,,,,3060
2,1397805597,19.4,52,86,1,0,
3,1397805597,18.7,57,89,,0,
4,1397805598,19.6,54,92,,0,
27,1397805598,19.8,,100,,,3094
28,1397805598,19.5,51,,,,3164
29,1397805598,17.5,,,,,3060
2,1397805897,19.4,52,86,0,0,
3,1397805897,18.7,57,89,,0,
4,1397805898,19.5,54,91,,0,
27,1397805898,20.0,,100,,,3094
28,1397805898,19.5,51,,,,3164
29,1397805898,17.5,,,,,3060
2,1397806197,19.4,52,86,0,0,
3,1397806197,18.7,57,89,,0,
4,1397806198,19.5,54,91,,0,
27,1397806198,20.1,,100,,,3094
28,1397806198,19.5,51,,,,3164
29,1397806198,17.5,,,,,3060
2,1397806497,19.4,52,87,0,0,
3,1397806497,18.6,57,89,,0,
4,1397806498,19.4,54,91,,0,
27,1397806498,20.1,,100,,,3094
28,1397806498,19.4,51,,,,3164
29,1397806498,17.6,,,,,3060
2,1397806797,19.3,52,87,0,0,
3,1397806797,18.6,57,90,,0,
4,1397806797,19.4,54,92,,0,
27,1397806797,20.2,,100,,,3094
28,1397806797,19.4,51,,,,3164
29,1397806797,17.6,,,,,3060
2,1397807097,19.3,52,87,0,0,
3,1397807097,18.5,57,90,,0,
4,1397807098,19.4,54,93,,0,
27,1397807098,20.3,,100,,,3094
28,1397807098,19.4,51,,,,3164
29,1397807098,17.6,,,,,3060
2,1397807397,19.3,52,89,0,0,
3,1397807397,18.5,57,90,,0,
4,1397807397,19.4,54,93,,0,
27,1397807397,20.3,,100,,,3094
28,1397807397,19.3,51,,,,3164
29,1397807397,17.6,,,,,3060
2,1397807697,19.3,52,89,1,0,
3,1397807697,18.5,57,90,,0,
4,1397807697,19.3,54,92,,0,
27,1397807697,20.4,,100,,,3094
28,1397807697,19.3,51,,,,3164
29,1397807697,17.6,,,,,3060
2,1397807997,19.3,52,89,0,0,
3,1397807997,18.5,57,89,,0,
4,1397807998,19.3,54,90,,0,
27,1397807998,20.5,,100,,,3094
28,1397807998,19.3,51,,,,3164
29,1397807998,17.6,,,,,3060
2,1397808297,19.3,52,87,0,0,
3,1397808297,18.4,57,90,,0,
4,1397808298,19.2,54,91,,0,
27,1397808298,20.5,,100,,,3094
28,1397808298,19.2,51,,,,3164
29,1397808298,17.7,,,,,3060
2,1397808597,19.3,52,88,0,0,
3,1397808597,18.4,57,90,,0,
4,1397808597,19.1,54,92,,0,
27,1397808597,20.5,,100,,,3094
28,1397808597,19.2,51,,,,3164
29,1397808597,17.7,,,,,3060
2,1397808897,19.2,52,89,0,0,
3,1397808897,18.4,57,90,,0,
4,1397808898,19.1,54,92,,0,
27,1397808898,20.6,,100,,,3094
28,1397808899,19.1,51,,,,3164
29,1397808899,17.6,,,,,3060
2,1397809197,19.2,52,89,0,0,
3,1397809197,18.4,57,90,,0,
4,1397809197,19.1,54,92,,0,
27,1397809197,20.6,,100,,,3094
28,1397809197,19.1,51,,,,3164
29,1397809197,17.6,,,,,3060
2,1397809497,19.2,52,91,0,0,
3,1397809497,18.3,57,90,,0,
4,1397809497,19.1,54,94,,0,
27,1397809497,20.8,,100,,,3094
28,1397809497,19.1,51,,,,3164
29,1397809497,17.6,,,,,3060
2,1397809797,19.2,52,90,0,0,
3,1397809797,18.3,57,92,,0,
4,1397809799,19.1,55,92,,0,
27,1397809799,20.8,,100,,,3094
28,1397809799,19.0,51,,,,3164
29,1397809799,17.6,,,,,3060
2,1397810097,19.1,52,92,0,0,
3,1397810097,18.3,57,91,,0,
4,1397810097,19.1,55,92,,0,
27,1397810097,20.9,,100,,,3094
28,1397810097,19.0,51,,,,3164
29,1397810097,17.6,,,,,3060
2,1397810397,19.1,52,90,0,0,
3,1397810397,18.2,57,91,,0,
4,1397810397,19.1,55,92,,0,
27,1397810397,21.0,,100,,,3094
28,1397810397,19.0,51,,,,3164
29,1397810398,17.6,,,,,3060
2,1397810697,19.1,52,92,0,0,
3,1397810697,18.2,57,92,,0,
4,1397810697,19.0,54,93,,0,
27,1397810697,21.0,,100,,,3094
28,1397810697,19.0,51,,,,3164
29,1397810697,17.6,,,,,3060
2,1397810997,19.1,52,92,0,0,
3,1397810997,18.2,57,92,,0,
4,1397810998,19.1,55,94,,0,
27,1397810998,21.1,,100,,,3094
28,1397810998,18.9,51,,,,3164
29,1397810998,17.6,,,,,3060
2,1397811297,19.1,52,90,0,0,
3,1397811297,18.2,57,92,,0,
4,1397811298,19.1,54,92,,0,
27,1397811298,21.1,,100,,,3094
28,1397811298,18.9,51,,,,3164
29,1397811298,17.6,,,,,3060
2,1397811597,19.1,52,91,0,0,
3,1397811597,18.1,57,90,,0,
4,1397811599,19.0,54,93,,0,
27,1397811599,21.1,,100,,,3094
28,1397811599,18.8,51,,,,3164
29,1397811599,17.6,,,,,3060
2,1397811897,19.1,52,92,0,0,
3,1397811897,18.1,57,91,,0,
4,1397811897,19.1,54,93,,0,
27,1397811897,21.2,,100,,,3094
28,1397811897,18.8,51,,,,3164
29,1397811897,17.6,,,,,3060
2,1397812197,19.1,52,93,0,0,
3,1397812197,18.1,57,92,,0,
4,1397812198,19.1,54,94,,0,
27,1397812198,21.3,,100,,,3094
28,1397812198,18.8,51,,,,3164
29,1397812198,17.6,,,,,3060
2,1397812497,19.1,52,92,0,0,
3,1397812497,18.1,57,92,,0,
4,1397812499,19.1,54,93,,0,
27,1397812499,21.3,,100,,,3094
28,1397812499,18.8,51,,,,3164
29,1397812499,17.6,,,,,3060
